match_id,date,competition,comp_weight,team_a,team_b,team_a_name,team_b_name,elo_a_pre,elo_b_pre,outcome,score,total_goals,o_win_a,o_draw,o_win_b,ha,mu,finetune,source_result,source_odds,source_elo
WC_2018_GROUP_000,14/06/2018,WC_2018_GROUP,1.0,RUS,KSA,RUS,KSA,1850.0,1680.0,A,5-0,5,1.45,4.5,7.5,0.0,2.25,,corrected embedded 2018 group-stage fixture contract,football-data.co.uk / Pinnacle closing proxies,walk_forward_k20 initialized from documented tournament start snapshot; updated after each prior fixture
WC_2018_GROUP_001,15/06/2018,WC_2018_GROUP,1.0,EGY,URU,EGY,URU,1720.0,1900.0,B,0-1,1,4.5,3.4,1.85,0.0,2.25,,corrected embedded 2018 group-stage fixture contract,football-data.co.uk / Pinnacle closing proxies,walk_forward_k20 initialized from documented tournament start snapshot; updated after each prior fixture
WC_2018_GROUP_002,15/06/2018,WC_2018_GROUP,1.0,MAR,IRN,MAR,IRN,1820.0,1750.0,B,0-1,1,1.55,3.8,6.5,0.0,2.25,,corrected embedded 2018 group-stage fixture contract,football-data.co.uk / Pinnacle closing proxies,walk_forward_k20 initialized from documented tournament start snapshot; updated after each prior fixture
WC_2018_GROUP_003,15/06/2018,WC_2018_GROUP,1.0,POR,ESP,POR,ESP,1950.0,2060.0,D,3-3,6,4.5,3.6,1.8,0.0,2.25,,corrected embedded 2018 group-stage fixture contract,football-data.co.uk / Pinnacle closing proxies,walk_forward_k20 initialized from documented tournament start snapshot; updated after each prior fixture
WC_2018_GROUP_005,16/06/2018,WC_2018_GROUP,1.0,ARG,ISL,ARG,ISL,2040.0,1780.0,D,1-1,2,1.3,5.5,11.0,0.0,2.25,,corrected embedded 2018 group-stage fixture contract,football-data.co.uk / Pinnacle closing proxies,walk_forward_k20 initialized from documented tournament start snapshot; updated after each prior fixture
WC_2018_GROUP_007,16/06/2018,WC_2018_GROUP,1.0,CRO,NGA,CRO,NGA,1860.0,1740.0,A,2-0,2,1.85,3.4,4.5,0.0,2.25,,corrected embedded 2018 group-stage fixture contract,football-data.co.uk / Pinnacle closing proxies,walk_forward_k20 initialized from documented tournament start snapshot; updated after each prior fixture
WC_2018_GROUP_004,16/06/2018,WC_2018_GROUP,1.0,FRA,AUS,FRA,AUS,2000.0,1780.0,A,2-1,3,1.35,5.0,9.0,0.0,2.25,,corrected embedded 2018 group-stage fixture contract,football-data.co.uk / Pinnacle closing proxies,walk_forward_k20 initialized from documented tournament start snapshot; updated after each prior fixture
WC_2018_GROUP_006,16/06/2018,WC_2018_GROUP,1.0,PER,DEN,PER,DEN,1780.0,1920.0,B,0-1,1,4.0,3.3,1.95,0.0,2.25,,corrected embedded 2018 group-stage fixture contract,football-data.co.uk / Pinnacle closing proxies,walk_forward_k20 initialized from documented tournament start snapshot; updated after each prior fixture
WC_2018_GROUP_010,17/06/2018,WC_2018_GROUP,1.0,BRA,SUI,BRA,SUI,2000.0,1860.0,D,1-1,2,1.45,4.2,7.5,0.0,2.25,,corrected embedded 2018 group-stage fixture contract,football-data.co.uk / Pinnacle closing proxies,walk_forward_k20 initialized from documented tournament start snapshot; updated after each prior fixture
WC_2018_GROUP_008,17/06/2018,WC_2018_GROUP,1.0,CRC,SRB,CRC,SRB,1760.0,1820.0,B,0-1,1,3.2,3.1,2.4,0.0,2.25,,corrected embedded 2018 group-stage fixture contract,football-data.co.uk / Pinnacle closing proxies,walk_forward_k20 initialized from documented tournament start snapshot; updated after each prior fixture
WC_2018_GROUP_009,17/06/2018,WC_2018_GROUP,1.0,GER,MEX,GER,MEX,2020.0,1800.0,B,0-1,1,1.4,4.5,8.0,0.0,2.25,,corrected embedded 2018 group-stage fixture contract,football-data.co.uk / Pinnacle closing proxies,walk_forward_k20 initialized from documented tournament start snapshot; updated after each prior fixture
WC_2018_GROUP_012,18/06/2018,WC_2018_GROUP,1.0,BEL,PAN,BEL,PAN,1920.0,1680.0,A,3-0,3,1.25,6.0,12.0,0.0,2.25,,corrected embedded 2018 group-stage fixture contract,football-data.co.uk / Pinnacle closing proxies,walk_forward_k20 initialized from documented tournament start snapshot; updated after each prior fixture
WC_2018_GROUP_011,18/06/2018,WC_2018_GROUP,1.0,SWE,KOR,SWE,KOR,1820.0,1780.0,A,1-0,1,2.1,3.2,3.6,0.0,2.25,,corrected embedded 2018 group-stage fixture contract,football-data.co.uk / Pinnacle closing proxies,walk_forward_k20 initialized from documented tournament start snapshot; updated after each prior fixture
WC_2018_GROUP_013,18/06/2018,WC_2018_GROUP,1.0,TUN,ENG,TUN,ENG,1700.0,1980.0,B,1-2,3,7.0,4.2,1.5,0.0,2.25,,corrected embedded 2018 group-stage fixture contract,football-data.co.uk / Pinnacle closing proxies,walk_forward_k20 initialized from documented tournament start snapshot; updated after each prior fixture
WC_2018_GROUP_014,19/06/2018,WC_2018_GROUP,1.0,COL,JPN,COL,JPN,1880.0,1800.0,B,1-2,3,1.75,3.5,5.0,0.0,2.25,,corrected embedded 2018 group-stage fixture contract,football-data.co.uk / Pinnacle closing proxies,walk_forward_k20 initialized from documented tournament start snapshot; updated after each prior fixture
WC_2018_GROUP_015,19/06/2018,WC_2018_GROUP,1.0,POL,SEN,POL,SEN,1840.0,1760.0,B,1-2,3,2.0,3.3,4.0,0.0,2.25,,corrected embedded 2018 group-stage fixture contract,football-data.co.uk / Pinnacle closing proxies,walk_forward_k20 initialized from documented tournament start snapshot; updated after each prior fixture
WC_2018_GROUP_016,19/06/2018,WC_2018_GROUP,1.0,RUS,EGY,RUS,EGY,1855.5,1714.8,A,3-1,4,1.65,3.6,5.5,0.0,2.25,,corrected embedded 2018 group-stage fixture contract,football-data.co.uk / Pinnacle closing proxies,walk_forward_k20 initialized from documented tournament start snapshot; updated after each prior fixture
WC_2018_GROUP_020,20/06/2018,WC_2018_GROUP,1.0,DEN,AUS,DEN,AUS,1926.2,1775.6,D,1-1,2,1.95,3.3,4.2,0.0,2.25,,corrected embedded 2018 group-stage fixture contract,football-data.co.uk / Pinnacle closing proxies,walk_forward_k20 initialized from documented tournament start snapshot; updated after each prior fixture
WC_2018_GROUP_019,20/06/2018,WC_2018_GROUP,1.0,IRN,ESP,IRN,ESP,1762.0,2056.9,B,0-1,1,9.0,4.5,1.35,0.0,2.25,,corrected embedded 2018 group-stage fixture contract,football-data.co.uk / Pinnacle closing proxies,walk_forward_k20 initialized from documented tournament start snapshot; updated after each prior fixture
WC_2018_GROUP_017,20/06/2018,WC_2018_GROUP,1.0,POR,MAR,POR,MAR,1953.1,1808.0,A,1-0,1,1.85,3.4,4.5,0.0,2.25,,corrected embedded 2018 group-stage fixture contract,football-data.co.uk / Pinnacle closing proxies,walk_forward_k20 initialized from documented tournament start snapshot; updated after each prior fixture
WC_2018_GROUP_018,20/06/2018,WC_2018_GROUP,1.0,URU,KSA,URU,KSA,1905.2,1674.5,A,1-0,1,1.45,4.2,8.0,0.0,2.25,,corrected embedded 2018 group-stage fixture contract,football-data.co.uk / Pinnacle closing proxies,walk_forward_k20 initialized from documented tournament start snapshot; updated after each prior fixture
WC_2018_GROUP_022,21/06/2018,WC_2018_GROUP,1.0,ARG,CRO,ARG,CRO,2033.7,1866.7,B,0-3,3,1.95,3.3,4.2,0.0,2.25,,corrected embedded 2018 group-stage fixture contract,football-data.co.uk / Pinnacle closing proxies,walk_forward_k20 initialized from documented tournament start snapshot; updated after each prior fixture
WC_2018_GROUP_021,21/06/2018,WC_2018_GROUP,1.0,FRA,PER,FRA,PER,2004.4,1773.8,A,1-0,1,1.4,4.5,8.0,0.0,2.25,,corrected embedded 2018 group-stage fixture contract,football-data.co.uk / Pinnacle closing proxies,walk_forward_k20 initialized from documented tournament start snapshot; updated after each prior fixture
WC_2018_GROUP_023,22/06/2018,WC_2018_GROUP,1.0,BRA,CRC,BRA,CRC,1996.2,1751.7,A,2-0,2,1.3,5.5,11.0,0.0,2.25,,corrected embedded 2018 group-stage fixture contract,football-data.co.uk / Pinnacle closing proxies,walk_forward_k20 initialized from documented tournament start snapshot; updated after each prior fixture
WC_2018_GROUP_024,22/06/2018,WC_2018_GROUP,1.0,NGA,ISL,NGA,ISL,1733.3,1786.3,A,2-0,2,2.6,3.2,2.8,0.0,2.25,,corrected embedded 2018 group-stage fixture contract,football-data.co.uk / Pinnacle closing proxies,walk_forward_k20 initialized from documented tournament start snapshot; updated after each prior fixture
WC_2018_GROUP_025,22/06/2018,WC_2018_GROUP,1.0,SRB,SUI,SRB,SUI,1828.3,1863.8,B,1-2,3,2.7,3.1,2.8,0.0,2.25,,corrected embedded 2018 group-stage fixture contract,football-data.co.uk / Pinnacle closing proxies,walk_forward_k20 initialized from documented tournament start snapshot; updated after each prior fixture
WC_2018_GROUP_026,23/06/2018,WC_2018_GROUP,1.0,BEL,TUN,BEL,TUN,1924.0,1696.7,A,5-2,7,1.25,6.0,12.0,0.0,2.25,,corrected embedded 2018 group-stage fixture contract,football-data.co.uk / Pinnacle closing proxies,walk_forward_k20 initialized from documented tournament start snapshot; updated after each prior fixture
WC_2018_GROUP_028,23/06/2018,WC_2018_GROUP,1.0,GER,SWE,GER,SWE,2004.4,1828.9,A,2-1,3,1.55,4.0,6.5,0.0,2.25,,corrected embedded 2018 group-stage fixture contract,football-data.co.uk / Pinnacle closing proxies,walk_forward_k20 initialized from documented tournament start snapshot; updated after each prior fixture
WC_2018_GROUP_027,23/06/2018,WC_2018_GROUP,1.0,KOR,MEX,KOR,MEX,1771.1,1815.6,B,1-2,3,3.6,3.2,2.1,0.0,2.25,,corrected embedded 2018 group-stage fixture contract,football-data.co.uk / Pinnacle closing proxies,walk_forward_k20 initialized from documented tournament start snapshot; updated after each prior fixture
WC_2018_GROUP_029,24/06/2018,WC_2018_GROUP,1.0,ENG,PAN,ENG,PAN,1983.3,1676.0,A,6-1,7,1.15,8.0,17.0,0.0,2.25,,corrected embedded 2018 group-stage fixture contract,football-data.co.uk / Pinnacle closing proxies,walk_forward_k20 initialized from documented tournament start snapshot; updated after each prior fixture
WC_2018_GROUP_030,24/06/2018,WC_2018_GROUP,1.0,JPN,SEN,JPN,SEN,1812.3,1772.3,D,2-2,4,3.2,3.1,2.4,0.0,2.25,,corrected embedded 2018 group-stage fixture contract,football-data.co.uk / Pinnacle closing proxies,walk_forward_k20 initialized from documented tournament start snapshot; updated after each prior fixture
WC_2018_GROUP_031,24/06/2018,WC_2018_GROUP,1.0,POL,COL,POL,COL,1827.7,1867.7,B,0-3,3,2.8,3.1,2.7,0.0,2.25,,corrected embedded 2018 group-stage fixture contract,football-data.co.uk / Pinnacle closing proxies,walk_forward_k20 initialized from documented tournament start snapshot; updated after each prior fixture
WC_2018_GROUP_034,25/06/2018,WC_2018_GROUP,1.0,ESP,MAR,ESP,MAR,2060.0,1802.0,D,2-2,4,1.55,4.0,6.5,0.0,2.25,,corrected embedded 2018 group-stage fixture contract,football-data.co.uk / Pinnacle closing proxies,walk_forward_k20 initialized from documented tournament start snapshot; updated after each prior fixture
WC_2018_GROUP_035,25/06/2018,WC_2018_GROUP,1.0,IRN,POR,IRN,POR,1758.9,1959.1,D,1-1,2,6.5,4.0,1.55,0.0,2.25,,corrected embedded 2018 group-stage fixture contract,football-data.co.uk / Pinnacle closing proxies,walk_forward_k20 initialized from documented tournament start snapshot; updated after each prior fixture
WC_2018_GROUP_033,25/06/2018,WC_2018_GROUP,1.0,KSA,EGY,KSA,EGY,1670.3,1708.6,A,2-1,3,3.0,3.1,2.5,0.0,2.25,,corrected embedded 2018 group-stage fixture contract,football-data.co.uk / Pinnacle closing proxies,walk_forward_k20 initialized from documented tournament start snapshot; updated after each prior fixture
WC_2018_GROUP_032,25/06/2018,WC_2018_GROUP,1.0,URU,RUS,URU,RUS,1909.4,1861.6,A,3-0,3,1.75,3.5,5.0,0.0,2.25,,corrected embedded 2018 group-stage fixture contract,football-data.co.uk / Pinnacle closing proxies,walk_forward_k20 initialized from documented tournament start snapshot; updated after each prior fixture
WC_2018_GROUP_036,26/06/2018,WC_2018_GROUP,1.0,AUS,PER,AUS,PER,1779.7,1769.6,B,0-2,2,3.4,3.3,2.15,0.0,2.25,,corrected embedded 2018 group-stage fixture contract,football-data.co.uk / Pinnacle closing proxies,walk_forward_k20 initialized from documented tournament start snapshot; updated after each prior fixture
WC_2018_GROUP_037,26/06/2018,WC_2018_GROUP,1.0,DEN,FRA,DEN,FRA,1922.1,2008.6,D,0-0,0,4.5,3.4,1.85,0.0,2.25,,corrected embedded 2018 group-stage fixture contract,football-data.co.uk / Pinnacle closing proxies,walk_forward_k20 initialized from documented tournament start snapshot; updated after each prior fixture
WC_2018_GROUP_039,26/06/2018,WC_2018_GROUP,1.0,ISL,CRO,ISL,CRO,1774.8,1881.1,B,1-2,3,4.5,3.4,1.85,0.0,2.25,,corrected embedded 2018 group-stage fixture contract,football-data.co.uk / Pinnacle closing proxies,walk_forward_k20 initialized from documented tournament start snapshot; updated after each prior fixture
WC_2018_GROUP_038,26/06/2018,WC_2018_GROUP,1.0,NGA,ARG,NGA,ARG,1744.8,2019.2,B,1-2,3,5.0,3.6,1.7,0.0,2.25,,corrected embedded 2018 group-stage fixture contract,football-data.co.uk / Pinnacle closing proxies,walk_forward_k20 initialized from documented tournament start snapshot; updated after each prior fixture
WC_2018_GROUP_041,27/06/2018,WC_2018_GROUP,1.0,KOR,GER,KOR,GER,1762.4,2009.7,A,2-0,2,8.0,4.5,1.4,0.0,2.25,,corrected embedded 2018 group-stage fixture contract,football-data.co.uk / Pinnacle closing proxies,walk_forward_k20 initialized from documented tournament start snapshot; updated after each prior fixture
WC_2018_GROUP_040,27/06/2018,WC_2018_GROUP,1.0,MEX,SWE,MEX,SWE,1824.3,1823.5,B,0-3,3,2.6,3.2,2.8,0.0,2.25,,corrected embedded 2018 group-stage fixture contract,football-data.co.uk / Pinnacle closing proxies,walk_forward_k20 initialized from documented tournament start snapshot; updated after each prior fixture
WC_2018_GROUP_042,27/06/2018,WC_2018_GROUP,1.0,SRB,BRA,SRB,BRA,1819.3,2000.1,B,0-2,2,5.5,3.8,1.6,0.0,2.25,,corrected embedded 2018 group-stage fixture contract,football-data.co.uk / Pinnacle closing proxies,walk_forward_k20 initialized from documented tournament start snapshot; updated after each prior fixture
WC_2018_GROUP_043,27/06/2018,WC_2018_GROUP,1.0,SUI,CRC,SUI,CRC,1872.8,1747.8,D,2-2,4,1.75,3.5,5.0,0.0,2.25,,corrected embedded 2018 group-stage fixture contract,football-data.co.uk / Pinnacle closing proxies,walk_forward_k20 initialized from documented tournament start snapshot; updated after each prior fixture
WC_2018_GROUP_047,28/06/2018,WC_2018_GROUP,1.0,ENG,BEL,ENG,BEL,1986.2,1928.3,B,0-1,1,2.6,3.2,2.8,0.0,2.25,,corrected embedded 2018 group-stage fixture contract,football-data.co.uk / Pinnacle closing proxies,walk_forward_k20 initialized from documented tournament start snapshot; updated after each prior fixture
WC_2018_GROUP_044,28/06/2018,WC_2018_GROUP,1.0,JPN,POL,JPN,POL,1811.1,1818.9,B,0-1,1,3.2,3.2,2.3,0.0,2.25,,corrected embedded 2018 group-stage fixture contract,football-data.co.uk / Pinnacle closing proxies,walk_forward_k20 initialized from documented tournament start snapshot; updated after each prior fixture
WC_2018_GROUP_046,28/06/2018,WC_2018_GROUP,1.0,PAN,TUN,PAN,TUN,1673.1,1692.4,B,1-2,3,3.0,3.1,2.5,0.0,2.25,,corrected embedded 2018 group-stage fixture contract,football-data.co.uk / Pinnacle closing proxies,walk_forward_k20 initialized from documented tournament start snapshot; updated after each prior fixture
WC_2018_GROUP_045,28/06/2018,WC_2018_GROUP,1.0,SEN,COL,SEN,COL,1773.4,1876.6,B,0-1,1,3.6,3.2,2.1,0.0,2.25,,corrected embedded 2018 group-stage fixture contract,football-data.co.uk / Pinnacle closing proxies,walk_forward_k20 initialized from documented tournament start snapshot; updated after each prior fixture
WC_2022_GROUP_000,20/11/2022,WC_2022_GROUP,1.0,QAT,ECU,QAT,ECU,1893.0,1834.0,B,0-2,2,3.4,3.2,2.25,0.0,2.25,,corrected embedded 2022 group-stage fixture contract,football-data.co.uk / Pinnacle closing proxies,walk_forward_k20 initialized from documented tournament start snapshot; updated after each prior fixture
WC_2022_GROUP_001,21/11/2022,WC_2022_GROUP,1.0,ENG,IRN,ENG,IRN,2018.0,1772.0,A,6-2,8,1.25,6.5,12.0,0.0,2.25,,corrected embedded 2022 group-stage fixture contract,football-data.co.uk / Pinnacle closing proxies,walk_forward_k20 initialized from documented tournament start snapshot; updated after each prior fixture
WC_2022_GROUP_002,21/11/2022,WC_2022_GROUP,1.0,SEN,NED,SEN,NED,1792.0,1968.0,B,0-2,2,4.5,3.6,1.85,0.0,2.25,,corrected embedded 2022 group-stage fixture contract,football-data.co.uk / Pinnacle closing proxies,walk_forward_k20 initialized from documented tournament start snapshot; updated after each prior fixture
WC_2022_GROUP_003,21/11/2022,WC_2022_GROUP,1.0,USA,WAL,USA,WAL,1812.0,1798.0,D,1-1,2,2.6,3.1,2.9,0.0,2.25,,corrected embedded 2022 group-stage fixture contract,football-data.co.uk / Pinnacle closing proxies,walk_forward_k20 initialized from documented tournament start snapshot; updated after each prior fixture
WC_2022_GROUP_004,22/11/2022,WC_2022_GROUP,1.0,ARG,KSA,ARG,KSA,2065.0,1640.0,B,1-2,3,1.28,5.5,11.0,0.0,2.25,,corrected embedded 2022 group-stage fixture contract,football-data.co.uk / Pinnacle closing proxies,walk_forward_k20 initialized from documented tournament start snapshot; updated after each prior fixture
WC_2022_GROUP_007,22/11/2022,WC_2022_GROUP,1.0,DEN,TUN,DEN,TUN,1966.0,1698.0,D,0-0,0,1.65,3.6,6.0,0.0,2.25,,corrected embedded 2022 group-stage fixture contract,football-data.co.uk / Pinnacle closing proxies,walk_forward_k20 initialized from documented tournament start snapshot; updated after each prior fixture
WC_2022_GROUP_006,22/11/2022,WC_2022_GROUP,1.0,FRA,AUS,FRA,AUS,2034.0,1790.0,A,4-1,5,1.22,6.5,13.0,0.0,2.25,,corrected embedded 2022 group-stage fixture contract,football-data.co.uk / Pinnacle closing proxies,walk_forward_k20 initialized from documented tournament start snapshot; updated after each prior fixture
WC_2022_GROUP_005,22/11/2022,WC_2022_GROUP,1.0,MEX,POL,MEX,POL,1834.0,1802.0,D,0-0,0,2.8,3.1,2.7,0.0,2.25,,corrected embedded 2022 group-stage fixture contract,football-data.co.uk / Pinnacle closing proxies,walk_forward_k20 initialized from documented tournament start snapshot; updated after each prior fixture
WC_2022_GROUP_010,23/11/2022,WC_2022_GROUP,1.0,BEL,CAN,BEL,CAN,1896.0,1778.0,A,1-0,1,1.55,4.0,6.5,0.0,2.25,,corrected embedded 2022 group-stage fixture contract,football-data.co.uk / Pinnacle closing proxies,walk_forward_k20 initialized from documented tournament start snapshot; updated after each prior fixture
WC_2022_GROUP_009,23/11/2022,WC_2022_GROUP,1.0,ESP,CRC,ESP,CRC,2074.0,1712.0,A,7-0,7,1.18,7.0,15.0,0.0,2.25,,corrected embedded 2022 group-stage fixture contract,football-data.co.uk / Pinnacle closing proxies,walk_forward_k20 initialized from documented tournament start snapshot; updated after each prior fixture
WC_2022_GROUP_008,23/11/2022,WC_2022_GROUP,1.0,GER,JPN,GER,JPN,2012.0,1838.0,B,1-2,3,1.45,4.5,7.5,0.0,2.25,,corrected embedded 2022 group-stage fixture contract,football-data.co.uk / Pinnacle closing proxies,walk_forward_k20 initialized from documented tournament start snapshot; updated after each prior fixture
WC_2022_GROUP_011,23/11/2022,WC_2022_GROUP,1.0,MAR,CRO,MAR,CRO,1838.0,1898.0,D,0-0,0,3.2,3.1,2.4,0.0,2.25,,corrected embedded 2022 group-stage fixture contract,football-data.co.uk / Pinnacle closing proxies,walk_forward_k20 initialized from documented tournament start snapshot; updated after each prior fixture
WC_2022_GROUP_012,24/11/2022,WC_2022_GROUP,1.0,BRA,SRB,BRA,SRB,2012.0,1802.0,A,2-0,2,1.35,5.0,9.5,0.0,2.25,,corrected embedded 2022 group-stage fixture contract,football-data.co.uk / Pinnacle closing proxies,walk_forward_k20 initialized from documented tournament start snapshot; updated after each prior fixture
WC_2022_GROUP_015,24/11/2022,WC_2022_GROUP,1.0,POR,GHA,POR,GHA,1978.0,1688.0,A,3-2,5,1.4,4.5,8.0,0.0,2.25,,corrected embedded 2022 group-stage fixture contract,football-data.co.uk / Pinnacle closing proxies,walk_forward_k20 initialized from documented tournament start snapshot; updated after each prior fixture
WC_2022_GROUP_013,24/11/2022,WC_2022_GROUP,1.0,SUI,CMR,SUI,CMR,1868.0,1722.0,A,1-0,1,1.95,3.3,4.2,0.0,2.25,,corrected embedded 2022 group-stage fixture contract,football-data.co.uk / Pinnacle closing proxies,walk_forward_k20 initialized from documented tournament start snapshot; updated after each prior fixture
WC_2022_GROUP_014,24/11/2022,WC_2022_GROUP,1.0,URU,KOR,URU,KOR,1892.0,1812.0,D,0-0,0,2.1,3.2,3.6,0.0,2.25,,corrected embedded 2022 group-stage fixture contract,football-data.co.uk / Pinnacle closing proxies,walk_forward_k20 initialized from documented tournament start snapshot; updated after each prior fixture
WC_2022_GROUP_019,25/11/2022,WC_2022_GROUP,1.0,ENG,USA,ENG,USA,2021.9,1811.6,D,0-0,0,1.55,4.0,6.5,0.0,2.25,,corrected embedded 2022 group-stage fixture contract,football-data.co.uk / Pinnacle closing proxies,walk_forward_k20 initialized from documented tournament start snapshot; updated after each prior fixture
WC_2022_GROUP_018,25/11/2022,WC_2022_GROUP,1.0,NED,ECU,NED,ECU,1973.3,1845.7,D,1-1,2,1.75,3.5,5.0,0.0,2.25,,corrected embedded 2022 group-stage fixture contract,football-data.co.uk / Pinnacle closing proxies,walk_forward_k20 initialized from documented tournament start snapshot; updated after each prior fixture
WC_2022_GROUP_017,25/11/2022,WC_2022_GROUP,1.0,QAT,SEN,QAT,SEN,1881.3,1786.7,B,1-3,4,6.5,4.2,1.55,0.0,2.25,,corrected embedded 2022 group-stage fixture contract,football-data.co.uk / Pinnacle closing proxies,walk_forward_k20 initialized from documented tournament start snapshot; updated after each prior fixture
WC_2022_GROUP_016,25/11/2022,WC_2022_GROUP,1.0,WAL,IRN,WAL,IRN,1798.4,1768.1,B,0-2,2,2.2,3.1,3.5,0.0,2.25,,corrected embedded 2022 group-stage fixture contract,football-data.co.uk / Pinnacle closing proxies,walk_forward_k20 initialized from documented tournament start snapshot; updated after each prior fixture
WC_2022_GROUP_023,26/11/2022,WC_2022_GROUP,1.0,ARG,MEX,ARG,MEX,2046.6,1833.1,A,2-0,2,1.45,4.2,8.0,0.0,2.25,,corrected embedded 2022 group-stage fixture contract,football-data.co.uk / Pinnacle closing proxies,walk_forward_k20 initialized from documented tournament start snapshot; updated after each prior fixture
WC_2022_GROUP_022,26/11/2022,WC_2022_GROUP,1.0,FRA,DEN,FRA,DEN,2037.9,1959.5,A,2-1,3,1.5,4.2,7.0,0.0,2.25,,corrected embedded 2022 group-stage fixture contract,football-data.co.uk / Pinnacle closing proxies,walk_forward_k20 initialized from documented tournament start snapshot; updated after each prior fixture
WC_2022_GROUP_021,26/11/2022,WC_2022_GROUP,1.0,POL,KSA,POL,KSA,1802.9,1658.4,A,2-0,2,1.85,3.4,4.5,0.0,2.25,,corrected embedded 2022 group-stage fixture contract,football-data.co.uk / Pinnacle closing proxies,walk_forward_k20 initialized from documented tournament start snapshot; updated after each prior fixture
WC_2022_GROUP_020,26/11/2022,WC_2022_GROUP,1.0,TUN,AUS,TUN,AUS,1704.5,1786.1,B,0-1,1,3.0,3.1,2.5,0.0,2.25,,corrected embedded 2022 group-stage fixture contract,football-data.co.uk / Pinnacle closing proxies,walk_forward_k20 initialized from documented tournament start snapshot; updated after each prior fixture
WC_2022_GROUP_025,27/11/2022,WC_2022_GROUP,1.0,BEL,MAR,BEL,MAR,1902.7,1839.7,B,0-2,2,1.75,3.5,5.0,0.0,2.25,,corrected embedded 2022 group-stage fixture contract,football-data.co.uk / Pinnacle closing proxies,walk_forward_k20 initialized from documented tournament start snapshot; updated after each prior fixture
WC_2022_GROUP_026,27/11/2022,WC_2022_GROUP,1.0,CRO,CAN,CRO,CAN,1896.3,1771.3,A,4-1,5,1.65,3.8,5.5,0.0,2.25,,corrected embedded 2022 group-stage fixture contract,football-data.co.uk / Pinnacle closing proxies,walk_forward_k20 initialized from documented tournament start snapshot; updated after each prior fixture
WC_2022_GROUP_027,27/11/2022,WC_2022_GROUP,1.0,ESP,GER,ESP,GER,2076.2,1997.4,D,1-1,2,2.4,3.3,3.0,0.0,2.25,,corrected embedded 2022 group-stage fixture contract,football-data.co.uk / Pinnacle closing proxies,walk_forward_k20 initialized from documented tournament start snapshot; updated after each prior fixture
WC_2022_GROUP_024,27/11/2022,WC_2022_GROUP,1.0,JPN,CRC,JPN,CRC,1852.6,1709.8,B,0-1,1,1.7,3.6,5.5,0.0,2.25,,corrected embedded 2022 group-stage fixture contract,football-data.co.uk / Pinnacle closing proxies,walk_forward_k20 initialized from documented tournament start snapshot; updated after each prior fixture
WC_2022_GROUP_030,28/11/2022,WC_2022_GROUP,1.0,BRA,SUI,BRA,SUI,2016.6,1874.0,A,1-0,1,1.45,4.1,7.5,0.0,2.25,,corrected embedded 2022 group-stage fixture contract,football-data.co.uk / Pinnacle closing proxies,walk_forward_k20 initialized from documented tournament start snapshot; updated after each prior fixture
WC_2022_GROUP_028,28/11/2022,WC_2022_GROUP,1.0,CMR,SRB,CMR,SRB,1716.0,1797.4,D,3-3,6,3.8,3.4,2.0,0.0,2.25,,corrected embedded 2022 group-stage fixture contract,football-data.co.uk / Pinnacle closing proxies,walk_forward_k20 initialized from documented tournament start snapshot; updated after each prior fixture
WC_2022_GROUP_029,28/11/2022,WC_2022_GROUP,1.0,KOR,GHA,KOR,GHA,1814.3,1684.8,B,2-3,5,2.1,3.2,3.6,0.0,2.25,,corrected embedded 2022 group-stage fixture contract,football-data.co.uk / Pinnacle closing proxies,walk_forward_k20 initialized from documented tournament start snapshot; updated after each prior fixture
WC_2022_GROUP_031,28/11/2022,WC_2022_GROUP,1.0,POR,URU,POR,URU,1981.2,1889.7,A,2-0,2,2.05,3.2,3.8,0.0,2.25,,corrected embedded 2022 group-stage fixture contract,football-data.co.uk / Pinnacle closing proxies,walk_forward_k20 initialized from documented tournament start snapshot; updated after each prior fixture
WC_2022_GROUP_032,29/11/2022,WC_2022_GROUP,1.0,ECU,SEN,ECU,SEN,1849.2,1799.3,B,1-2,3,2.6,3.2,2.8,0.0,2.25,,corrected embedded 2022 group-stage fixture contract,football-data.co.uk / Pinnacle closing proxies,walk_forward_k20 initialized from documented tournament start snapshot; updated after each prior fixture
WC_2022_GROUP_034,29/11/2022,WC_2022_GROUP,1.0,IRN,USA,IRN,USA,1779.0,1817.0,B,0-1,1,4.5,3.4,1.85,0.0,2.25,,corrected embedded 2022 group-stage fixture contract,football-data.co.uk / Pinnacle closing proxies,walk_forward_k20 initialized from documented tournament start snapshot; updated after each prior fixture
WC_2022_GROUP_033,29/11/2022,WC_2022_GROUP,1.0,NED,QAT,NED,QAT,1969.8,1868.7,A,2-0,2,1.12,9.0,21.0,0.0,2.25,,corrected embedded 2022 group-stage fixture contract,football-data.co.uk / Pinnacle closing proxies,walk_forward_k20 initialized from documented tournament start snapshot; updated after each prior fixture
WC_2022_GROUP_035,29/11/2022,WC_2022_GROUP,1.0,WAL,ENG,WAL,ENG,1787.5,2016.5,B,0-3,3,6.5,4.0,1.55,0.0,2.25,,corrected embedded 2022 group-stage fixture contract,football-data.co.uk / Pinnacle closing proxies,walk_forward_k20 initialized from documented tournament start snapshot; updated after each prior fixture
WC_2022_GROUP_037,30/11/2022,WC_2022_GROUP,1.0,AUS,DEN,AUS,DEN,1793.8,1951.7,A,1-0,1,4.5,3.4,1.85,0.0,2.25,,corrected embedded 2022 group-stage fixture contract,football-data.co.uk / Pinnacle closing proxies,walk_forward_k20 initialized from documented tournament start snapshot; updated after each prior fixture
WC_2022_GROUP_039,30/11/2022,WC_2022_GROUP,1.0,KSA,MEX,KSA,MEX,1652.3,1828.6,B,1-2,3,3.6,3.2,2.1,0.0,2.25,,corrected embedded 2022 group-stage fixture contract,football-data.co.uk / Pinnacle closing proxies,walk_forward_k20 initialized from documented tournament start snapshot; updated after each prior fixture
WC_2022_GROUP_038,30/11/2022,WC_2022_GROUP,1.0,POL,ARG,POL,ARG,1809.0,2051.1,B,0-2,2,5.5,3.6,1.65,0.0,2.25,,corrected embedded 2022 group-stage fixture contract,football-data.co.uk / Pinnacle closing proxies,walk_forward_k20 initialized from documented tournament start snapshot; updated after each prior fixture
WC_2022_GROUP_036,30/11/2022,WC_2022_GROUP,1.0,TUN,FRA,TUN,FRA,1696.8,2045.7,A,1-0,1,9.0,4.5,1.35,0.0,2.25,,corrected embedded 2022 group-stage fixture contract,football-data.co.uk / Pinnacle closing proxies,walk_forward_k20 initialized from documented tournament start snapshot; updated after each prior fixture
WC_2022_GROUP_042,01/12/2022,WC_2022_GROUP,1.0,CAN,MAR,CAN,MAR,1764.7,1851.5,B,1-2,3,4.0,3.3,1.95,0.0,2.25,,corrected embedded 2022 group-stage fixture contract,football-data.co.uk / Pinnacle closing proxies,walk_forward_k20 initialized from documented tournament start snapshot; updated after each prior fixture
WC_2022_GROUP_040,01/12/2022,WC_2022_GROUP,1.0,CRC,GER,CRC,GER,1723.7,1999.6,B,2-4,6,7.0,4.5,1.45,0.0,2.25,,corrected embedded 2022 group-stage fixture contract,football-data.co.uk / Pinnacle closing proxies,walk_forward_k20 initialized from documented tournament start snapshot; updated after each prior fixture
WC_2022_GROUP_043,01/12/2022,WC_2022_GROUP,1.0,CRO,BEL,CRO,BEL,1902.8,1890.9,D,0-0,0,3.4,3.3,2.15,0.0,2.25,,corrected embedded 2022 group-stage fixture contract,football-data.co.uk / Pinnacle closing proxies,walk_forward_k20 initialized from documented tournament start snapshot; updated after each prior fixture
WC_2022_GROUP_041,01/12/2022,WC_2022_GROUP,1.0,JPN,ESP,JPN,ESP,1838.7,2074.0,A,2-1,3,5.5,3.8,1.6,0.0,2.25,,corrected embedded 2022 group-stage fixture contract,football-data.co.uk / Pinnacle closing proxies,walk_forward_k20 initialized from documented tournament start snapshot; updated after each prior fixture
WC_2022_GROUP_047,02/12/2022,WC_2022_GROUP,1.0,CMR,BRA,CMR,BRA,1718.3,2022.7,A,1-0,1,8.0,4.5,1.4,0.0,2.25,,corrected embedded 2022 group-stage fixture contract,football-data.co.uk / Pinnacle closing proxies,walk_forward_k20 initialized from documented tournament start snapshot; updated after each prior fixture
WC_2022_GROUP_044,02/12/2022,WC_2022_GROUP,1.0,GHA,URU,GHA,URU,1698.4,1882.3,B,0-2,2,5.5,3.8,1.65,0.0,2.25,,corrected embedded 2022 group-stage fixture contract,football-data.co.uk / Pinnacle closing proxies,walk_forward_k20 initialized from documented tournament start snapshot; updated after each prior fixture
WC_2022_GROUP_045,02/12/2022,WC_2022_GROUP,1.0,KOR,POR,KOR,POR,1800.7,1988.6,A,2-1,3,6.5,4.2,1.5,0.0,2.25,,corrected embedded 2022 group-stage fixture contract,football-data.co.uk / Pinnacle closing proxies,walk_forward_k20 initialized from documented tournament start snapshot; updated after each prior fixture
WC_2022_GROUP_046,02/12/2022,WC_2022_GROUP,1.0,SRB,SUI,SRB,SUI,1795.1,1867.9,B,2-3,5,3.2,3.2,2.3,0.0,2.25,,corrected embedded 2022 group-stage fixture contract,football-data.co.uk / Pinnacle closing proxies,walk_forward_k20 initialized from documented tournament start snapshot; updated after each prior fixture
FD_07092023_0888,07/09/2023,FRIENDLY,0.6,PAR,PER,Paraguay,Peru,1500.0,1500.0,D,0-0,0,1.83,3.29,4.69,0.0,2.25,,football-data.co.uk worldcup2022.csv row 890,football-data.co.uk H_Avg/D_Avg/A_Avg closing,walk_forward_k20 from neutral_1500 init; no future rating snapshot used
FD_08092023_0886,08/09/2023,FRIENDLY,0.6,ARG,ECU,Argentina,Ecuador,1500.0,1500.0,A,1-0,1,1.33,4.67,10.78,0.0,2.25,,football-data.co.uk worldcup2022.csv row 888,football-data.co.uk H_Avg/D_Avg/A_Avg closing,walk_forward_k20 from neutral_1500 init; no future rating snapshot used
FD_09092023_0885,09/09/2023,FRIENDLY,0.6,URU,CHI,Uruguay,Chile,1500.0,1500.0,A,3-1,4,1.63,3.6,5.87,0.0,2.25,,football-data.co.uk worldcup2022.csv row 887,football-data.co.uk H_Avg/D_Avg/A_Avg closing,walk_forward_k20 from neutral_1500 init; no future rating snapshot used
FD_12092023_0882,12/09/2023,FRIENDLY,0.6,ECU,URU,Ecuador,Uruguay,1490.0,1510.0,A,2-1,3,1.96,3.06,4.43,0.0,2.25,,football-data.co.uk worldcup2022.csv row 884,football-data.co.uk H_Avg/D_Avg/A_Avg closing,walk_forward_k20 from neutral_1500 init; no future rating snapshot used
FD_13092023_0879,13/09/2023,FRIENDLY,0.6,CHI,COL,Chile,Colombia,1490.0,1500.0,D,0-0,0,3.3,3.01,2.33,0.0,2.25,,football-data.co.uk worldcup2022.csv row 881,football-data.co.uk H_Avg/D_Avg/A_Avg closing,walk_forward_k20 from neutral_1500 init; no future rating snapshot used
FD_13092023_0880,13/09/2023,FRIENDLY,0.6,PER,BRA,Peru,Brazil,1500.0,1500.0,B,0-1,1,12.81,5.53,1.24,0.0,2.25,,football-data.co.uk worldcup2022.csv row 882,football-data.co.uk H_Avg/D_Avg/A_Avg closing,walk_forward_k20 from neutral_1500 init; no future rating snapshot used
FD_12102023_0871,12/10/2023,FRIENDLY,0.6,COL,URU,Colombia,Uruguay,1499.7,1499.4,D,2-2,4,2.11,3.17,3.62,0.0,2.25,,football-data.co.uk worldcup2022.csv row 873,football-data.co.uk H_Avg/D_Avg/A_Avg closing,walk_forward_k20 from neutral_1500 init; no future rating snapshot used
FD_13102023_0864,13/10/2023,FRIENDLY,0.6,ARG,PAR,Argentina,Paraguay,1510.0,1500.0,A,1-0,1,1.22,5.82,13.89,0.0,2.25,,football-data.co.uk worldcup2022.csv row 866,football-data.co.uk H_Avg/D_Avg/A_Avg closing,walk_forward_k20 from neutral_1500 init; no future rating snapshot used
FD_13102023_0867,13/10/2023,FRIENDLY,0.6,CHI,PER,Chile,Peru,1490.3,1490.0,A,2-0,2,1.67,3.52,5.63,0.0,2.25,,football-data.co.uk worldcup2022.csv row 869,football-data.co.uk H_Avg/D_Avg/A_Avg closing,walk_forward_k20 from neutral_1500 init; no future rating snapshot used
FD_18102023_0849,18/10/2023,FRIENDLY,0.6,ECU,COL,Ecuador,Colombia,1500.6,1499.7,D,0-0,0,2.04,3.04,4.06,0.0,2.25,,football-data.co.uk worldcup2022.csv row 851,football-data.co.uk H_Avg/D_Avg/A_Avg closing,walk_forward_k20 from neutral_1500 init; no future rating snapshot used
FD_18102023_0850,18/10/2023,FRIENDLY,0.6,PER,ARG,Peru,Argentina,1480.0,1519.7,B,0-2,2,10.34,4.38,1.36,0.0,2.25,,football-data.co.uk worldcup2022.csv row 852,football-data.co.uk H_Avg/D_Avg/A_Avg closing,walk_forward_k20 from neutral_1500 init; no future rating snapshot used
FD_18102023_0851,18/10/2023,FRIENDLY,0.6,URU,BRA,Uruguay,Brazil,1499.4,1510.0,A,2-0,2,4.15,3.41,1.89,0.0,2.25,,football-data.co.uk worldcup2022.csv row 853,football-data.co.uk H_Avg/D_Avg/A_Avg closing,walk_forward_k20 from neutral_1500 init; no future rating snapshot used
FD_17112023_0804,17/11/2023,FRIENDLY,0.6,ARG,URU,Argentina,Uruguay,1528.6,1509.7,B,0-2,2,1.57,3.67,6.42,0.0,2.25,,football-data.co.uk worldcup2022.csv row 806,football-data.co.uk H_Avg/D_Avg/A_Avg closing,walk_forward_k20 from neutral_1500 init; no future rating snapshot used
FD_17112023_0807,17/11/2023,FRIENDLY,0.6,CHI,PAR,Chile,Paraguay,1500.3,1490.3,D,0-0,0,1.7,3.37,5.51,0.0,2.25,,football-data.co.uk worldcup2022.csv row 809,football-data.co.uk H_Avg/D_Avg/A_Avg closing,walk_forward_k20 from neutral_1500 init; no future rating snapshot used
FD_17112023_0808,17/11/2023,FRIENDLY,0.6,COL,BRA,Colombia,Brazil,1499.7,1499.7,A,2-1,3,3.57,3.14,2.15,0.0,2.25,,football-data.co.uk worldcup2022.csv row 810,football-data.co.uk H_Avg/D_Avg/A_Avg closing,walk_forward_k20 from neutral_1500 init; no future rating snapshot used
FD_21112023_0762,21/11/2023,FRIENDLY,0.6,ECU,CHI,Ecuador,Chile,1500.5,1500.0,A,1-0,1,1.59,3.6,6.13,0.0,2.25,,football-data.co.uk worldcup2022.csv row 764,football-data.co.uk H_Avg/D_Avg/A_Avg closing,walk_forward_k20 from neutral_1500 init; no future rating snapshot used
FD_21112023_0767,21/11/2023,FRIENDLY,0.6,JOR,KSA,Jordan,Saudi Arabia,1500.0,1500.0,B,0-2,2,3.57,3.04,2.06,0.0,2.25,,football-data.co.uk worldcup2022.csv row 769,football-data.co.uk H_Avg/D_Avg/A_Avg closing,walk_forward_k20 from neutral_1500 init; no future rating snapshot used
FD_21112023_0778,21/11/2023,FRIENDLY,0.6,PAR,COL,Paraguay,Colombia,1490.6,1509.7,B,0-1,1,3.32,3.0,2.3,0.0,2.25,,football-data.co.uk worldcup2022.csv row 780,football-data.co.uk H_Avg/D_Avg/A_Avg closing,walk_forward_k20 from neutral_1500 init; no future rating snapshot used
FD_22112023_0753,22/11/2023,FRIENDLY,0.6,BRA,ARG,Brazil,Argentina,1489.7,1518.0,B,0-1,1,2.46,3.05,3.0,0.0,2.25,,football-data.co.uk worldcup2022.csv row 755,football-data.co.uk H_Avg/D_Avg/A_Avg closing,walk_forward_k20 from neutral_1500 init; no future rating snapshot used
FD_07062024_0674,07/06/2024,FRIENDLY,0.6,NGA,RSA,Nigeria,South Africa,1500.0,1500.0,D,1-1,2,1.58,3.59,5.7,0.0,2.25,,football-data.co.uk worldcup2022.csv row 676,football-data.co.uk H_Avg/D_Avg/A_Avg closing,walk_forward_k20 from neutral_1500 init; no future rating snapshot used
FD_08062024_0662,08/06/2024,FRIENDLY,0.6,CMR,CPV,Cameroon,Cape Verde,1500.0,1500.0,A,4-1,5,1.84,3.13,4.45,0.0,2.25,,football-data.co.uk worldcup2022.csv row 664,football-data.co.uk H_Avg/D_Avg/A_Avg closing,walk_forward_k20 from neutral_1500 init; no future rating snapshot used
FD_11062024_0627,11/06/2024,FRIENDLY,0.6,KSA,JOR,Saudi Arabia,Jordan,1510.0,1490.0,B,1-2,3,1.84,3.31,4.08,0.0,2.25,,football-data.co.uk worldcup2022.csv row 629,football-data.co.uk H_Avg/D_Avg/A_Avg closing,walk_forward_k20 from neutral_1500 init; no future rating snapshot used
FD_06092024_0590,06/09/2024,WC_QUALIFIER,0.85,ARG,CHI,Argentina,Chile,1527.2,1490.0,A,3-0,3,1.31,4.78,11.0,0.0,2.25,,football-data.co.uk worldcup2022.csv row 592,football-data.co.uk H_Avg/D_Avg/A_Avg closing,walk_forward_k20 from neutral_1500 init; no future rating snapshot used
FD_07092024_0587,07/09/2024,WC_QUALIFIER,0.85,BRA,ECU,Brazil,Ecuador,1480.5,1510.5,A,1-0,1,1.35,4.58,9.47,0.0,2.25,,football-data.co.uk worldcup2022.csv row 589,football-data.co.uk H_Avg/D_Avg/A_Avg closing,walk_forward_k20 from neutral_1500 init; no future rating snapshot used
FD_07092024_0588,07/09/2024,WC_QUALIFIER,0.85,PER,COL,Peru,Colombia,1471.1,1519.2,D,1-1,2,5.34,3.05,1.82,0.0,2.25,,football-data.co.uk worldcup2022.csv row 590,football-data.co.uk H_Avg/D_Avg/A_Avg closing,walk_forward_k20 from neutral_1500 init; no future rating snapshot used
FD_07092024_0589,07/09/2024,WC_QUALIFIER,0.85,URU,PAR,Uruguay,Paraguay,1520.3,1481.1,D,0-0,0,1.51,3.83,6.98,0.0,2.25,,football-data.co.uk worldcup2022.csv row 591,football-data.co.uk H_Avg/D_Avg/A_Avg closing,walk_forward_k20 from neutral_1500 init; no future rating snapshot used
FD_10092024_0577,10/09/2024,WC_QUALIFIER,0.85,COL,ARG,Colombia,Argentina,1517.8,1536.2,A,2-1,3,2.82,2.83,2.79,0.0,2.25,,football-data.co.uk worldcup2022.csv row 579,football-data.co.uk H_Avg/D_Avg/A_Avg closing,walk_forward_k20 from neutral_1500 init; no future rating snapshot used
FD_10092024_0578,10/09/2024,WC_QUALIFIER,0.85,ECU,PER,Ecuador,Peru,1499.7,1472.5,A,1-0,1,1.39,4.1,9.73,0.0,2.25,,football-data.co.uk worldcup2022.csv row 580,football-data.co.uk H_Avg/D_Avg/A_Avg closing,walk_forward_k20 from neutral_1500 init; no future rating snapshot used
FD_11092024_0573,11/09/2024,WC_QUALIFIER,0.85,PAR,BRA,Paraguay,Brazil,1482.2,1491.4,A,1-0,1,7.42,3.93,1.48,0.0,2.25,,football-data.co.uk worldcup2022.csv row 575,football-data.co.uk H_Avg/D_Avg/A_Avg closing,walk_forward_k20 from neutral_1500 init; no future rating snapshot used
FD_10102024_0562,10/10/2024,WC_QUALIFIER,0.85,ECU,PAR,Ecuador,Paraguay,1508.9,1492.5,D,0-0,0,1.52,3.57,7.79,0.0,2.25,,football-data.co.uk worldcup2022.csv row 564,football-data.co.uk H_Avg/D_Avg/A_Avg closing,walk_forward_k20 from neutral_1500 init; no future rating snapshot used
FD_10102024_0564,10/10/2024,WC_QUALIFIER,0.85,JOR,KOR,Jordan,South Korea,1500.6,1500.0,B,0-2,2,4.31,3.31,1.79,0.0,2.25,,football-data.co.uk worldcup2022.csv row 566,football-data.co.uk H_Avg/D_Avg/A_Avg closing,walk_forward_k20 from neutral_1500 init; no future rating snapshot used
FD_10102024_0568,10/10/2024,WC_QUALIFIER,0.85,KSA,JPN,Saudi Arabia,Japan,1499.4,1500.0,B,0-2,2,5.31,3.77,1.57,0.0,2.25,,football-data.co.uk worldcup2022.csv row 570,football-data.co.uk H_Avg/D_Avg/A_Avg closing,walk_forward_k20 from neutral_1500 init; no future rating snapshot used
FD_11102024_0557,11/10/2024,WC_QUALIFIER,0.85,CHI,BRA,Chile,Brazil,1481.1,1481.1,B,1-2,3,6.35,3.68,1.57,0.0,2.25,,football-data.co.uk worldcup2022.csv row 559,football-data.co.uk H_Avg/D_Avg/A_Avg closing,walk_forward_k20 from neutral_1500 init; no future rating snapshot used
FD_12102024_0556,12/10/2024,WC_QUALIFIER,0.85,PER,URU,Peru,Uruguay,1463.3,1519.2,A,1-0,1,4.66,3.08,1.9,0.0,2.25,,football-data.co.uk worldcup2022.csv row 558,football-data.co.uk H_Avg/D_Avg/A_Avg closing,walk_forward_k20 from neutral_1500 init; no future rating snapshot used
FD_15102024_0547,15/10/2024,WC_QUALIFIER,0.85,COL,CHI,Colombia,Chile,1528.3,1471.1,A,4-0,4,1.33,4.63,10.06,0.0,2.25,,football-data.co.uk worldcup2022.csv row 549,football-data.co.uk H_Avg/D_Avg/A_Avg closing,walk_forward_k20 from neutral_1500 init; no future rating snapshot used
FD_15102024_0548,15/10/2024,WC_QUALIFIER,0.85,IRN,QAT,Iran,Qatar,1500.0,1500.0,A,4-1,5,1.67,3.56,4.74,0.0,2.25,,football-data.co.uk worldcup2022.csv row 550,football-data.co.uk H_Avg/D_Avg/A_Avg closing,walk_forward_k20 from neutral_1500 init; no future rating snapshot used
FD_15102024_0549,15/10/2024,WC_QUALIFIER,0.85,JPN,AUS,Japan,Australia,1510.0,1500.0,D,1-1,2,1.33,4.6,7.94,0.0,2.25,,football-data.co.uk worldcup2022.csv row 551,football-data.co.uk H_Avg/D_Avg/A_Avg closing,walk_forward_k20 from neutral_1500 init; no future rating snapshot used
FD_15102024_0554,15/10/2024,WC_QUALIFIER,0.85,KOR,IRQ,South Korea,Iraq,1510.0,1500.0,A,3-2,5,1.46,3.66,7.33,0.0,2.25,,football-data.co.uk worldcup2022.csv row 556,football-data.co.uk H_Avg/D_Avg/A_Avg closing,walk_forward_k20 from neutral_1500 init; no future rating snapshot used
FD_16102024_0543,16/10/2024,WC_QUALIFIER,0.85,BRA,PER,Brazil,Peru,1491.1,1474.9,A,4-0,4,1.19,6.2,16.46,0.0,2.25,,football-data.co.uk worldcup2022.csv row 545,football-data.co.uk H_Avg/D_Avg/A_Avg closing,walk_forward_k20 from neutral_1500 init; no future rating snapshot used
FD_16102024_0545,16/10/2024,WC_QUALIFIER,0.85,URU,ECU,Uruguay,Ecuador,1507.6,1508.4,D,0-0,0,1.74,3.2,5.51,0.0,2.25,,football-data.co.uk worldcup2022.csv row 547,football-data.co.uk H_Avg/D_Avg/A_Avg closing,walk_forward_k20 from neutral_1500 init; no future rating snapshot used
FD_14112024_0530,14/11/2024,WC_QUALIFIER,0.85,AUS,KSA,Australia,Saudi Arabia,1500.3,1489.4,D,0-0,0,1.93,3.05,4.09,0.0,2.25,,football-data.co.uk worldcup2022.csv row 532,football-data.co.uk H_Avg/D_Avg/A_Avg closing,walk_forward_k20 from neutral_1500 init; no future rating snapshot used
FD_14112024_0532,14/11/2024,WC_QUALIFIER,0.85,IRQ,JOR,Iraq,Jordan,1490.3,1490.6,D,0-0,0,2.13,2.88,3.6,0.0,2.25,,football-data.co.uk worldcup2022.csv row 534,football-data.co.uk H_Avg/D_Avg/A_Avg closing,walk_forward_k20 from neutral_1500 init; no future rating snapshot used
FD_14112024_0537,14/11/2024,WC_QUALIFIER,0.85,PAR,ARG,Paraguay,Argentina,1493.0,1525.6,A,2-1,3,4.85,3.13,1.85,0.0,2.25,,football-data.co.uk worldcup2022.csv row 539,football-data.co.uk H_Avg/D_Avg/A_Avg closing,walk_forward_k20 from neutral_1500 init; no future rating snapshot used
FD_16112024_0524,16/11/2024,WC_QUALIFIER,0.85,PER,CHI,Peru,Chile,1465.4,1462.7,D,0-0,0,2.21,2.73,4.01,0.0,2.25,,football-data.co.uk worldcup2022.csv row 526,football-data.co.uk H_Avg/D_Avg/A_Avg closing,walk_forward_k20 from neutral_1500 init; no future rating snapshot used
FD_16112024_0525,16/11/2024,WC_QUALIFIER,0.85,URU,COL,Uruguay,Colombia,1507.6,1536.7,A,3-2,5,2.21,3.03,3.5,0.0,2.25,,football-data.co.uk worldcup2022.csv row 527,football-data.co.uk H_Avg/D_Avg/A_Avg closing,walk_forward_k20 from neutral_1500 init; no future rating snapshot used
FD_19112024_0512,19/11/2024,WC_QUALIFIER,0.85,COL,ECU,Colombia,Ecuador,1525.9,1508.4,B,0-1,1,1.69,3.35,5.63,0.0,2.25,,football-data.co.uk worldcup2022.csv row 514,football-data.co.uk H_Avg/D_Avg/A_Avg closing,walk_forward_k20 from neutral_1500 init; no future rating snapshot used
FD_20112024_0506,20/11/2024,WC_QUALIFIER,0.85,ARG,PER,Argentina,Peru,1514.7,1465.3,A,1-0,1,1.15,6.89,19.12,0.0,2.25,,football-data.co.uk worldcup2022.csv row 508,football-data.co.uk H_Avg/D_Avg/A_Avg closing,walk_forward_k20 from neutral_1500 init; no future rating snapshot used
FD_20112024_0507,20/11/2024,WC_QUALIFIER,0.85,BRA,URU,Brazil,Uruguay,1500.6,1518.4,D,1-1,2,1.6,3.64,6.05,0.0,2.25,,football-data.co.uk worldcup2022.csv row 509,football-data.co.uk H_Avg/D_Avg/A_Avg closing,walk_forward_k20 from neutral_1500 init; no future rating snapshot used
FD_20032025_0496,20/03/2025,FRIENDLY,0.6,PAR,CHI,Paraguay,Chile,1503.9,1462.8,A,1-0,1,1.87,3.14,4.79,0.0,2.25,,football-data.co.uk worldcup2022.csv row 498,football-data.co.uk H_Avg/D_Avg/A_Avg closing,walk_forward_k20 from neutral_1500 init; no future rating snapshot used
FD_21032025_0464,21/03/2025,FRIENDLY,0.6,BRA,COL,Brazil,Colombia,1501.2,1515.4,A,2-1,3,1.62,3.64,5.75,0.0,2.25,,football-data.co.uk worldcup2022.csv row 466,football-data.co.uk H_Avg/D_Avg/A_Avg closing,walk_forward_k20 from neutral_1500 init; no future rating snapshot used
FD_21032025_0483,21/03/2025,FRIENDLY,0.6,URU,ARG,Uruguay,Argentina,1517.9,1523.3,B,0-1,1,2.63,2.83,3.02,0.0,2.25,,football-data.co.uk worldcup2022.csv row 485,football-data.co.uk H_Avg/D_Avg/A_Avg closing,walk_forward_k20 from neutral_1500 init; no future rating snapshot used
FD_25032025_0420,25/03/2025,FRIENDLY,0.6,JPN,KSA,Japan,Saudi Arabia,1509.7,1489.8,D,0-0,0,1.45,4.05,7.0,0.0,2.25,,football-data.co.uk worldcup2022.csv row 422,football-data.co.uk H_Avg/D_Avg/A_Avg closing,walk_forward_k20 from neutral_1500 init; no future rating snapshot used
FD_25032025_0434,25/03/2025,FRIENDLY,0.6,KOR,JOR,South Korea,Jordan,1519.7,1490.6,D,1-1,2,1.48,3.97,6.66,0.0,2.25,,football-data.co.uk worldcup2022.csv row 436,football-data.co.uk H_Avg/D_Avg/A_Avg closing,walk_forward_k20 from neutral_1500 init; no future rating snapshot used
FD_26032025_0402,26/03/2025,FRIENDLY,0.6,ARG,BRA,Argentina,Brazil,1533.1,1511.6,A,4-1,5,2.31,2.86,3.55,0.0,2.25,,football-data.co.uk worldcup2022.csv row 404,football-data.co.uk H_Avg/D_Avg/A_Avg closing,walk_forward_k20 from neutral_1500 init; no future rating snapshot used
FD_26032025_0403,26/03/2025,FRIENDLY,0.6,CHI,ECU,Chile,Ecuador,1454.0,1518.9,D,0-0,0,2.89,2.85,2.71,0.0,2.25,,football-data.co.uk worldcup2022.csv row 405,football-data.co.uk H_Avg/D_Avg/A_Avg closing,walk_forward_k20 from neutral_1500 init; no future rating snapshot used
FD_26032025_0404,26/03/2025,FRIENDLY,0.6,COL,PAR,Colombia,Paraguay,1505.0,1512.7,D,2-2,4,1.43,4.07,8.39,0.0,2.25,,football-data.co.uk worldcup2022.csv row 406,football-data.co.uk H_Avg/D_Avg/A_Avg closing,walk_forward_k20 from neutral_1500 init; no future rating snapshot used
FD_05062025_0387,05/06/2025,FRIENDLY,0.6,AUS,JPN,Australia,Japan,1500.0,1509.1,A,1-0,1,2.58,2.98,2.79,0.0,2.25,,football-data.co.uk worldcup2022.csv row 389,football-data.co.uk H_Avg/D_Avg/A_Avg closing,walk_forward_k20 from neutral_1500 init; no future rating snapshot used
FD_05062025_0392,05/06/2025,FRIENDLY,0.6,IRQ,KOR,Iraq,South Korea,1490.3,1518.9,B,0-2,2,3.65,3.13,2.06,0.0,2.25,,football-data.co.uk worldcup2022.csv row 394,football-data.co.uk H_Avg/D_Avg/A_Avg closing,walk_forward_k20 from neutral_1500 init; no future rating snapshot used
FD_05062025_0396,05/06/2025,FRIENDLY,0.6,QAT,IRN,Qatar,Iran,1490.0,1510.0,A,1-0,1,2.71,3.15,2.54,0.0,2.25,,football-data.co.uk worldcup2022.csv row 398,football-data.co.uk H_Avg/D_Avg/A_Avg closing,walk_forward_k20 from neutral_1500 init; no future rating snapshot used
FD_06062025_0375,06/06/2025,FRIENDLY,0.6,CHI,ARG,Chile,Argentina,1455.8,1542.5,B,0-1,1,5.04,3.27,1.78,0.0,2.25,,football-data.co.uk worldcup2022.csv row 377,football-data.co.uk H_Avg/D_Avg/A_Avg closing,walk_forward_k20 from neutral_1500 init; no future rating snapshot used
FD_06062025_0376,06/06/2025,FRIENDLY,0.6,COL,PER,Colombia,Peru,1505.2,1456.7,D,0-0,0,1.3,4.97,10.4,0.0,2.25,,football-data.co.uk worldcup2022.csv row 378,football-data.co.uk H_Avg/D_Avg/A_Avg closing,walk_forward_k20 from neutral_1500 init; no future rating snapshot used
FD_06062025_0378,06/06/2025,FRIENDLY,0.6,ECU,BRA,Ecuador,Brazil,1517.1,1502.2,D,0-0,0,3.98,2.91,2.12,0.0,2.25,,football-data.co.uk worldcup2022.csv row 380,football-data.co.uk H_Avg/D_Avg/A_Avg closing,walk_forward_k20 from neutral_1500 init; no future rating snapshot used
FD_06062025_0382,06/06/2025,FRIENDLY,0.6,NOR,ITA,Norway,Italy,1500.0,1500.0,A,3-0,3,2.63,3.26,2.65,0.0,2.25,,football-data.co.uk worldcup2022.csv row 384,football-data.co.uk H_Avg/D_Avg/A_Avg closing,walk_forward_k20 from neutral_1500 init; no future rating snapshot used
FD_06062025_0383,06/06/2025,FRIENDLY,0.6,PAR,URU,Paraguay,Uruguay,1512.5,1508.1,A,2-0,2,2.78,2.58,3.13,0.0,2.25,,football-data.co.uk worldcup2022.csv row 385,football-data.co.uk H_Avg/D_Avg/A_Avg closing,walk_forward_k20 from neutral_1500 init; no future rating snapshot used
FD_07062025_0369,07/06/2025,FRIENDLY,0.6,FIN,NED,Finland,Netherlands,1500.0,1500.0,B,0-2,2,12.78,5.93,1.23,0.0,2.25,,football-data.co.uk worldcup2022.csv row 371,football-data.co.uk H_Avg/D_Avg/A_Avg closing,walk_forward_k20 from neutral_1500 init; no future rating snapshot used
FD_09062025_0352,09/06/2025,FRIENDLY,0.6,BEL,WAL,Belgium,Wales,1500.0,1500.0,A,4-3,7,1.37,4.73,8.26,0.0,2.25,,football-data.co.uk worldcup2022.csv row 354,football-data.co.uk H_Avg/D_Avg/A_Avg closing,walk_forward_k20 from neutral_1500 init; no future rating snapshot used
FD_09062025_0353,09/06/2025,FRIENDLY,0.6,CRO,CZE,Croatia,Czech Republic,1500.0,1500.0,A,5-1,6,2.01,3.33,3.72,0.0,2.25,,football-data.co.uk worldcup2022.csv row 355,football-data.co.uk H_Avg/D_Avg/A_Avg closing,walk_forward_k20 from neutral_1500 init; no future rating snapshot used
FD_10062025_0335,10/06/2025,FRIENDLY,0.6,FIN,POL,Finland,Poland,1490.0,1500.0,A,2-1,3,3.24,3.1,2.32,0.0,2.25,,football-data.co.uk worldcup2022.csv row 337,football-data.co.uk H_Avg/D_Avg/A_Avg closing,walk_forward_k20 from neutral_1500 init; no future rating snapshot used
FD_10062025_0339,10/06/2025,FRIENDLY,0.6,JOR,IRQ,Jordan,Iraq,1491.4,1481.1,B,0-1,1,2.19,3.0,3.43,0.0,2.25,,football-data.co.uk worldcup2022.csv row 341,football-data.co.uk H_Avg/D_Avg/A_Avg closing,walk_forward_k20 from neutral_1500 init; no future rating snapshot used
FD_10062025_0348,10/06/2025,FRIENDLY,0.6,KSA,AUS,Saudi Arabia,Australia,1490.3,1510.2,B,1-2,3,1.94,3.17,4.01,0.0,2.25,,football-data.co.uk worldcup2022.csv row 350,football-data.co.uk H_Avg/D_Avg/A_Avg closing,walk_forward_k20 from neutral_1500 init; no future rating snapshot used
FD_11062025_0320,11/06/2025,FRIENDLY,0.6,ARG,COL,Argentina,Colombia,1550.1,1503.8,D,1-1,2,1.65,3.45,5.84,0.0,2.25,,football-data.co.uk worldcup2022.csv row 322,football-data.co.uk H_Avg/D_Avg/A_Avg closing,walk_forward_k20 from neutral_1500 init; no future rating snapshot used
FD_11062025_0321,11/06/2025,FRIENDLY,0.6,BRA,PAR,Brazil,Paraguay,1502.6,1522.4,A,1-0,1,1.37,4.45,9.34,0.0,2.25,,football-data.co.uk worldcup2022.csv row 323,football-data.co.uk H_Avg/D_Avg/A_Avg closing,walk_forward_k20 from neutral_1500 init; no future rating snapshot used
FD_11062025_0329,11/06/2025,FRIENDLY,0.6,PER,ECU,Peru,Ecuador,1458.1,1516.6,D,0-0,0,3.41,2.59,2.57,0.0,2.25,,football-data.co.uk worldcup2022.csv row 331,football-data.co.uk H_Avg/D_Avg/A_Avg closing,walk_forward_k20 from neutral_1500 init; no future rating snapshot used
FD_04092025_0314,04/09/2025,WC_QUALIFIER,0.85,NED,POL,Netherlands,Poland,1510.0,1489.7,D,1-1,2,1.26,5.74,10.44,0.0,2.25,,football-data.co.uk worldcup2022.csv row 316,football-data.co.uk H_Avg/D_Avg/A_Avg closing,walk_forward_k20 from neutral_1500 init; no future rating snapshot used
FD_05092025_0272,05/09/2025,WC_QUALIFIER,0.85,BRA,CHI,Brazil,Chile,1513.2,1448.3,A,3-0,3,1.18,6.48,17.75,0.0,2.25,,football-data.co.uk worldcup2022.csv row 274,football-data.co.uk H_Avg/D_Avg/A_Avg closing,walk_forward_k20 from neutral_1500 init; no future rating snapshot used
FD_05092025_0275,05/09/2025,WC_QUALIFIER,0.85,DEN,SCO,Denmark,Scotland,1500.0,1500.0,D,0-0,0,1.44,4.19,7.84,0.0,2.25,,football-data.co.uk worldcup2022.csv row 277,football-data.co.uk H_Avg/D_Avg/A_Avg closing,walk_forward_k20 from neutral_1500 init; no future rating snapshot used
FD_05092025_0291,05/09/2025,WC_QUALIFIER,0.85,PAR,ECU,Paraguay,Ecuador,1511.8,1515.0,D,0-0,0,2.38,2.65,3.81,0.0,2.25,,football-data.co.uk worldcup2022.csv row 293,football-data.co.uk H_Avg/D_Avg/A_Avg closing,walk_forward_k20 from neutral_1500 init; no future rating snapshot used
FD_05092025_0298,05/09/2025,WC_QUALIFIER,0.85,UKR,FRA,Ukraine,France,1500.0,1500.0,B,0-2,2,9.25,5.12,1.32,0.0,2.25,,football-data.co.uk worldcup2022.csv row 300,football-data.co.uk H_Avg/D_Avg/A_Avg closing,walk_forward_k20 from neutral_1500 init; no future rating snapshot used
FD_05092025_0299,05/09/2025,WC_QUALIFIER,0.85,URU,PER,Uruguay,Peru,1498.2,1459.8,A,3-0,3,1.42,4.07,8.97,0.0,2.25,,football-data.co.uk worldcup2022.csv row 301,football-data.co.uk H_Avg/D_Avg/A_Avg closing,walk_forward_k20 from neutral_1500 init; no future rating snapshot used
FD_06092025_0263,06/09/2025,WC_QUALIFIER,0.85,IRL,HUN,Ireland,Hungary,1500.0,1500.0,D,2-2,4,2.65,2.96,2.87,0.0,2.25,,football-data.co.uk worldcup2022.csv row 265,football-data.co.uk H_Avg/D_Avg/A_Avg closing,walk_forward_k20 from neutral_1500 init; no future rating snapshot used
FD_07092025_0257,07/09/2025,WC_QUALIFIER,0.85,POL,FIN,Poland,Finland,1490.3,1500.3,A,3-1,4,1.41,4.53,7.22,0.0,2.25,,football-data.co.uk worldcup2022.csv row 259,football-data.co.uk H_Avg/D_Avg/A_Avg closing,walk_forward_k20 from neutral_1500 init; no future rating snapshot used
FD_07092025_0258,07/09/2025,WC_QUALIFIER,0.85,TUR,ESP,Turkey,Spain,1500.0,1500.0,B,0-6,6,6.03,4.4,1.5,0.0,2.25,,football-data.co.uk worldcup2022.csv row 260,football-data.co.uk H_Avg/D_Avg/A_Avg closing,walk_forward_k20 from neutral_1500 init; no future rating snapshot used
FD_08092025_0238,08/09/2025,WC_QUALIFIER,0.85,GRE,DEN,Greece,Denmark,1500.0,1500.0,B,0-3,3,2.32,3.17,3.16,0.0,2.25,,football-data.co.uk worldcup2022.csv row 240,football-data.co.uk H_Avg/D_Avg/A_Avg closing,walk_forward_k20 from neutral_1500 init; no future rating snapshot used
FD_09092025_0212,09/09/2025,WC_QUALIFIER,0.85,BIH,AUT,Bosnia & Herzegovina,Austria,1500.0,1500.0,B,1-2,3,5.04,3.73,1.68,0.0,2.25,,football-data.co.uk worldcup2022.csv row 214,football-data.co.uk H_Avg/D_Avg/A_Avg closing,walk_forward_k20 from neutral_1500 init; no future rating snapshot used
FD_09092025_0214,09/09/2025,WC_QUALIFIER,0.85,CPV,CMR,Cape Verde,Cameroon,1490.0,1510.0,A,1-0,1,2.81,2.75,2.75,0.0,2.25,,football-data.co.uk worldcup2022.csv row 216,football-data.co.uk H_Avg/D_Avg/A_Avg closing,walk_forward_k20 from neutral_1500 init; no future rating snapshot used
FD_09092025_0218,09/09/2025,WC_QUALIFIER,0.85,FRA,ISL,France,Iceland,1510.0,1500.0,A,2-1,3,1.07,11.56,26.31,0.0,2.25,,football-data.co.uk worldcup2022.csv row 220,football-data.co.uk H_Avg/D_Avg/A_Avg closing,walk_forward_k20 from neutral_1500 init; no future rating snapshot used
FD_09092025_0221,09/09/2025,WC_QUALIFIER,0.85,HUN,POR,Hungary,Portugal,1500.0,1500.0,B,2-3,5,6.31,4.51,1.47,0.0,2.25,,football-data.co.uk worldcup2022.csv row 223,football-data.co.uk H_Avg/D_Avg/A_Avg closing,walk_forward_k20 from neutral_1500 init; no future rating snapshot used
FD_09092025_0229,09/09/2025,WC_QUALIFIER,0.85,RSA,NGA,South Africa,Nigeria,1500.0,1500.0,D,1-1,2,2.77,2.73,2.81,0.0,2.25,,football-data.co.uk worldcup2022.csv row 231,football-data.co.uk H_Avg/D_Avg/A_Avg closing,walk_forward_k20 from neutral_1500 init; no future rating snapshot used
FD_09092025_0227,09/09/2025,WC_QUALIFIER,0.85,SRB,ENG,Serbia,England,1500.0,1500.0,B,0-5,5,4.23,3.31,1.91,0.0,2.25,,football-data.co.uk worldcup2022.csv row 229,football-data.co.uk H_Avg/D_Avg/A_Avg closing,walk_forward_k20 from neutral_1500 init; no future rating snapshot used
FD_10092025_0199,10/09/2025,WC_QUALIFIER,0.85,CHI,URU,Chile,Uruguay,1440.1,1507.1,D,0-0,0,4.38,3.25,1.89,0.0,2.25,,football-data.co.uk worldcup2022.csv row 201,football-data.co.uk H_Avg/D_Avg/A_Avg closing,walk_forward_k20 from neutral_1500 init; no future rating snapshot used
FD_10092025_0202,10/09/2025,WC_QUALIFIER,0.85,ECU,ARG,Ecuador,Argentina,1514.9,1548.7,A,1-0,1,3.23,2.71,2.63,0.0,2.25,,football-data.co.uk worldcup2022.csv row 204,football-data.co.uk H_Avg/D_Avg/A_Avg closing,walk_forward_k20 from neutral_1500 init; no future rating snapshot used
FD_10092025_0205,10/09/2025,WC_QUALIFIER,0.85,PER,PAR,Peru,Paraguay,1450.9,1511.9,B,0-1,1,2.65,2.73,3.15,0.0,2.25,,football-data.co.uk worldcup2022.csv row 207,football-data.co.uk H_Avg/D_Avg/A_Avg closing,walk_forward_k20 from neutral_1500 init; no future rating snapshot used
FD_09102025_0177,09/10/2025,WC_QUALIFIER,0.85,CZE,CRO,Czech Republic,Croatia,1490.0,1510.0,D,0-0,0,3.2,3.38,2.2,0.0,2.25,,football-data.co.uk worldcup2022.csv row 179,football-data.co.uk H_Avg/D_Avg/A_Avg closing,walk_forward_k20 from neutral_1500 init; no future rating snapshot used
FD_09102025_0183,09/10/2025,WC_QUALIFIER,0.85,SCO,GRE,Scotland,Greece,1500.0,1490.0,A,3-1,4,2.75,3.1,2.65,0.0,2.25,,football-data.co.uk worldcup2022.csv row 185,football-data.co.uk H_Avg/D_Avg/A_Avg closing,walk_forward_k20 from neutral_1500 init; no future rating snapshot used
FD_10102025_0157,10/10/2025,WC_QUALIFIER,0.85,ISL,UKR,Iceland,Ukraine,1490.3,1490.0,B,3-5,8,3.15,3.31,2.26,0.0,2.25,,football-data.co.uk worldcup2022.csv row 159,football-data.co.uk H_Avg/D_Avg/A_Avg closing,walk_forward_k20 from neutral_1500 init; no future rating snapshot used
FD_10102025_0169,10/10/2025,WC_QUALIFIER,0.85,SWE,SUI,Sweden,Switzerland,1500.0,1500.0,B,0-2,2,2.43,3.43,2.78,0.0,2.25,,football-data.co.uk worldcup2022.csv row 171,football-data.co.uk H_Avg/D_Avg/A_Avg closing,walk_forward_k20 from neutral_1500 init; no future rating snapshot used
FD_11102025_0147,11/10/2025,WC_QUALIFIER,0.85,POR,IRL,Portugal,Ireland,1510.0,1500.0,A,1-0,1,1.13,8.12,20.71,0.0,2.25,,football-data.co.uk worldcup2022.csv row 149,football-data.co.uk H_Avg/D_Avg/A_Avg closing,walk_forward_k20 from neutral_1500 init; no future rating snapshot used
FD_12102025_0127,12/10/2025,WC_QUALIFIER,0.85,DEN,GRE,Denmark,Greece,1510.0,1480.3,A,3-1,4,1.68,3.61,5.31,0.0,2.25,,football-data.co.uk worldcup2022.csv row 129,football-data.co.uk H_Avg/D_Avg/A_Avg closing,walk_forward_k20 from neutral_1500 init; no future rating snapshot used
FD_12102025_0134,12/10/2025,WC_QUALIFIER,0.85,NED,FIN,Netherlands,Finland,1509.4,1490.0,A,4-0,4,1.11,9.28,20.88,0.0,2.25,,football-data.co.uk worldcup2022.csv row 136,football-data.co.uk H_Avg/D_Avg/A_Avg closing,walk_forward_k20 from neutral_1500 init; no future rating snapshot used
FD_13102025_0111,13/10/2025,WC_QUALIFIER,0.85,ISL,FRA,Iceland,France,1480.3,1519.7,D,2-2,4,9.87,5.49,1.29,0.0,2.25,,football-data.co.uk worldcup2022.csv row 113,football-data.co.uk H_Avg/D_Avg/A_Avg closing,walk_forward_k20 from neutral_1500 init; no future rating snapshot used
FD_13102025_0123,13/10/2025,WC_QUALIFIER,0.85,WAL,BEL,Wales,Belgium,1490.0,1510.0,B,2-4,6,4.89,3.77,1.69,0.0,2.25,,football-data.co.uk worldcup2022.csv row 125,football-data.co.uk H_Avg/D_Avg/A_Avg closing,walk_forward_k20 from neutral_1500 init; no future rating snapshot used
FD_14102025_0101,14/10/2025,WC_QUALIFIER,0.85,KSA,IRQ,Saudi Arabia,Iraq,1480.9,1491.4,D,0-0,0,1.54,3.67,6.26,0.0,2.25,,football-data.co.uk worldcup2022.csv row 103,football-data.co.uk H_Avg/D_Avg/A_Avg closing,walk_forward_k20 from neutral_1500 init; no future rating snapshot used
FD_14102025_0099,14/10/2025,WC_QUALIFIER,0.85,POR,HUN,Portugal,Hungary,1519.7,1490.0,D,2-2,4,1.21,6.53,12.15,0.0,2.25,,football-data.co.uk worldcup2022.csv row 101,football-data.co.uk H_Avg/D_Avg/A_Avg closing,walk_forward_k20 from neutral_1500 init; no future rating snapshot used
FD_13112025_0073,13/11/2025,WC_QUALIFIER,0.85,ENG,SRB,England,Serbia,1510.0,1490.0,A,2-0,2,1.28,5.49,10.77,0.0,2.25,,football-data.co.uk worldcup2022.csv row 75,football-data.co.uk H_Avg/D_Avg/A_Avg closing,walk_forward_k20 from neutral_1500 init; no future rating snapshot used
FD_13112025_0074,13/11/2025,WC_QUALIFIER,0.85,FRA,UKR,France,Ukraine,1518.6,1500.0,A,4-0,4,1.14,7.55,16.97,0.0,2.25,,football-data.co.uk worldcup2022.csv row 76,football-data.co.uk H_Avg/D_Avg/A_Avg closing,walk_forward_k20 from neutral_1500 init; no future rating snapshot used
FD_13112025_0075,13/11/2025,WC_QUALIFIER,0.85,IRL,POR,Ireland,Portugal,1490.3,1518.9,A,2-0,2,8.5,4.49,1.38,0.0,2.25,,football-data.co.uk worldcup2022.csv row 77,football-data.co.uk H_Avg/D_Avg/A_Avg closing,walk_forward_k20 from neutral_1500 init; no future rating snapshot used
FD_14112025_0066,14/11/2025,WC_QUALIFIER,0.85,POL,NED,Poland,Netherlands,1500.6,1518.9,D,1-1,2,4.52,3.57,1.77,0.0,2.25,,football-data.co.uk worldcup2022.csv row 68,football-data.co.uk H_Avg/D_Avg/A_Avg closing,walk_forward_k20 from neutral_1500 init; no future rating snapshot used
FD_15112025_0052,15/11/2025,WC_QUALIFIER,0.85,GRE,SCO,Greece,Scotland,1471.1,1509.7,A,3-2,5,2.2,3.18,3.35,0.0,2.25,,football-data.co.uk worldcup2022.csv row 54,football-data.co.uk H_Avg/D_Avg/A_Avg closing,walk_forward_k20 from neutral_1500 init; no future rating snapshot used
FD_15112025_0056,15/11/2025,WC_QUALIFIER,0.85,SUI,SWE,Switzerland,Sweden,1510.0,1490.0,A,4-1,5,1.51,4.05,6.31,0.0,2.25,,football-data.co.uk worldcup2022.csv row 58,football-data.co.uk H_Avg/D_Avg/A_Avg closing,walk_forward_k20 from neutral_1500 init; no future rating snapshot used
FD_16112025_0041,16/11/2025,WC_QUALIFIER,0.85,HUN,IRL,Hungary,Ireland,1490.9,1501.1,B,2-3,5,2.02,3.21,3.84,0.0,2.25,,football-data.co.uk worldcup2022.csv row 43,football-data.co.uk H_Avg/D_Avg/A_Avg closing,walk_forward_k20 from neutral_1500 init; no future rating snapshot used
FD_16112025_0043,16/11/2025,WC_QUALIFIER,0.85,ITA,NOR,Italy,Norway,1490.0,1510.0,B,1-4,5,2.14,3.53,3.19,0.0,2.25,,football-data.co.uk worldcup2022.csv row 45,football-data.co.uk H_Avg/D_Avg/A_Avg closing,walk_forward_k20 from neutral_1500 init; no future rating snapshot used
FD_16112025_0047,16/11/2025,WC_QUALIFIER,0.85,UKR,ISL,Ukraine,Iceland,1490.5,1481.4,A,2-0,2,1.95,3.5,3.7,0.0,2.25,,football-data.co.uk worldcup2022.csv row 49,football-data.co.uk H_Avg/D_Avg/A_Avg closing,walk_forward_k20 from neutral_1500 init; no future rating snapshot used
FD_18112025_0022,18/11/2025,WC_QUALIFIER,0.85,AUT,BIH,Austria,Bosnia & Herzegovina,1510.0,1490.0,D,1-1,2,1.32,5.32,8.42,0.0,2.25,,football-data.co.uk worldcup2022.csv row 24,football-data.co.uk H_Avg/D_Avg/A_Avg closing,walk_forward_k20 from neutral_1500 init; no future rating snapshot used
FD_18112025_0030,18/11/2025,WC_QUALIFIER,0.85,ESP,TUR,Spain,Turkey,1510.0,1490.0,D,2-2,4,1.18,7.23,13.69,0.0,2.25,,football-data.co.uk worldcup2022.csv row 32,football-data.co.uk H_Avg/D_Avg/A_Avg closing,walk_forward_k20 from neutral_1500 init; no future rating snapshot used
FD_18112025_0029,18/11/2025,WC_QUALIFIER,0.85,SCO,DEN,Scotland,Denmark,1498.6,1519.1,A,4-2,6,3.51,3.35,2.07,0.0,2.25,,football-data.co.uk worldcup2022.csv row 31,football-data.co.uk H_Avg/D_Avg/A_Avg closing,walk_forward_k20 from neutral_1500 init; no future rating snapshot used
FD_26032026_0008,26/03/2026,FRIENDLY,0.6,CZE,IRL,Czech Republic,Ireland,1490.6,1510.8,D,2-2,4,1.96,3.35,3.92,0.0,2.25,,football-data.co.uk worldcup2022.csv row 10,football-data.co.uk H_Avg/D_Avg/A_Avg closing,walk_forward_k20 from neutral_1500 init; no future rating snapshot used
FD_26032026_0014,26/03/2026,FRIENDLY,0.6,UKR,SWE,Ukraine,Sweden,1500.3,1480.6,B,1-3,4,3.27,3.24,2.23,0.0,2.25,,football-data.co.uk worldcup2022.csv row 16,football-data.co.uk H_Avg/D_Avg/A_Avg closing,walk_forward_k20 from neutral_1500 init; no future rating snapshot used
FD_26032026_0015,26/03/2026,FRIENDLY,0.6,WAL,BIH,Wales,Bosnia & Herzegovina,1480.6,1490.6,D,1-1,2,1.66,3.76,5.23,0.0,2.25,,football-data.co.uk worldcup2022.csv row 17,football-data.co.uk H_Avg/D_Avg/A_Avg closing,walk_forward_k20 from neutral_1500 init; no future rating snapshot used
FD_31032026_0001,31/03/2026,FRIENDLY,0.6,BIH,ITA,Bosnia & Herzegovina,Italy,1490.3,1480.6,D,1-1,2,6.86,4.19,1.47,0.0,2.25,,football-data.co.uk worldcup2022.csv row 3,football-data.co.uk H_Avg/D_Avg/A_Avg closing,walk_forward_k20 from neutral_1500 init; no future rating snapshot used
FD_31032026_0002,31/03/2026,FRIENDLY,0.6,CZE,DEN,Czech Republic,Denmark,1491.2,1508.6,D,1-1,2,3.69,3.34,2.03,0.0,2.25,,football-data.co.uk worldcup2022.csv row 4,football-data.co.uk H_Avg/D_Avg/A_Avg closing,walk_forward_k20 from neutral_1500 init; no future rating snapshot used
FD_31032026_0005,31/03/2026,FRIENDLY,0.6,SWE,POL,Sweden,Poland,1491.1,1501.1,A,3-2,5,2.08,3.33,3.51,0.0,2.25,,football-data.co.uk worldcup2022.csv row 7,football-data.co.uk H_Avg/D_Avg/A_Avg closing,walk_forward_k20 from neutral_1500 init; no future rating snapshot used
