fixture_id,kickoff_lima,kickoff_utc,team_a,team_b,elo_a_baseline,elo_b_baseline,elo_a_updated,elo_b_updated,form_games_a,form_games_b,form_points_a,form_points_b,form_gd_a,form_gd_b,form_adjust_a,form_adjust_b,host_adjust_a,host_adjust_b,rest_days_a,rest_days_b,mu_total,lambda_a,lambda_b,p_win_a,p_draw,p_win_b,source_elo,source_form,source_schedule,research_confidence,research_sources,research_team_news,research_injuries,research_motivation,research_weather,freshness_status
2026-06-22-arg-aut,2026-06-22T12:00:00-05:00,2026-06-22T17:00:00Z,ARG,AUT,2115.0,1830.0,2127.801,1856.695,1,1,3,3,3,2,0.0,0.0,0.0,0.0,6,5,2.75,2.32129,0.7337,0.61019874,0.2616543,0.12814696,wc_team_elo_baseline_june11.csv + deterministic Elo updates from wc_2026_results_through_june23.csv,wc_2026_results_through_june23.csv,https://www.fifa.com/en/tournaments/mens/worldcup/canadamexicousa2026/match-center,medium,https://www.fifa.com/en/tournaments/mens/worldcup/canadamexicousa2026/match-center | https://www.theguardian.com/football/live/2026/jun/17/fifa-world-cup-2026-live-austria-v-jordan-updates-aut-vs-jor-group-j-match-score-latest | https://www.starsandstripesfc.com/fifa-world-cup/44091/2026-world-cup-group-j-preview | https://www.fourfourtwo.com/team/argentina-world-cup-2026-squad | https://www.theguardian.com/football/2026/jun/01/world-cup-2026-stadium-guide,"As known by 2026-06-21, Argentina entered after a 3-0 win over Algeria on 2026-06-16; Austria entered after a 3-1 win over Jordan on 2026-06-17. Austria's opener was level until the 77th minute before an own goal and a stoppage-time Marko Arnautovic penalty.","Austria: Christoph Baumgartner was reported before the tournament as missing through injury. Argentina: Cristian Romero had carried a recent injury into the selected squad, but a match-specific availability update by the 2026-06-21 cutoff was unavailable. Suspensions for either team: unavailable.","Group J after one match: Argentina 3 pts, GD +3; Austria 3 pts, GD +2. The winner would take sole control of first place and be strongly positioned to advance; both still had a final group match on 2026-06-27.","Dallas Stadium in Arlington is the 94,000-capacity AT&T Stadium and has a retractable roof with climate control, reducing direct weather exposure if closed. A reliable match-time roof decision and forecast were unavailable by the cutoff.",current_snapshot
2026-06-22-fra-irq,2026-06-22T16:00:00-05:00,2026-06-22T21:00:00Z,FRA,IRQ,2063.0,1607.0,2084.34,1591.682,1,1,3,0,2,-3,0.0,0.0,0.0,0.0,6,6,2.75,2.82444,0.4798,0.72421758,0.23329866,0.04248376,wc_team_elo_baseline_june11.csv + deterministic Elo updates from wc_2026_results_through_june23.csv,wc_2026_results_through_june23.csv,https://www.fifa.com/en/tournaments/mens/worldcup/canadamexicousa2026/match-center,medium,https://www.fifa.com/en/tournaments/mens/worldcup/canadamexicousa2026/match-center | https://www.theguardian.com/football/live/2026/jun/16/iraq-v-norway-world-cup-2026-live | https://www.managingmadrid.com/real-madrid-cf-players/109066/kylian-mbappe-becomes-frances-record-goalscorer-to-beat-senegal | https://www.the-sun.com/sport/16549587/ballon-dor-world-cup-curse-messi-ronaldo-dembele/ | https://www.theguardian.com/football/2026/jun/01/world-cup-2026-stadium-guide,"France arrived after beating Senegal 3-1 on 2026-06-16, with Kylian Mbappe scoring twice and becoming France's record men's scorer according to the cited report. Iraq lost 4-1 to Norway the same day but created periods of pressure and equalized before a goalkeeper error restored Norway's lead.",No match-specific confirmed injuries or suspensions for France or Iraq were found by the 2026-06-21 cutoff; unavailable.,"Group I after one match: France 3 pts, GD +2; Iraq 0 pts, GD -3. France could move to six points and close on qualification; Iraq needed points to avoid entering the final match in a severely disadvantaged position.","Philadelphia Stadium is Lincoln Financial Field, an open-air venue, with kickoff scheduled for 17:00 local on 2026-06-22. A reliable match-time weather forecast was unavailable in the reviewed sources by the cutoff.",current_snapshot
2026-06-22-nor-sen,2026-06-22T19:00:00-05:00,2026-06-23T00:00:00Z,NOR,SEN,1914.0,1860.0,1929.318,1838.66,1,1,3,0,3,-2,0.0,0.0,0.0,0.0,6,6,2.75,1.71505,1.13694,0.43342334,0.30937951,0.25719716,wc_team_elo_baseline_june11.csv + deterministic Elo updates from wc_2026_results_through_june23.csv,wc_2026_results_through_june23.csv,https://www.fifa.com/en/tournaments/mens/worldcup/canadamexicousa2026/match-center,medium,https://www.fifa.com/en/tournaments/mens/worldcup/canadamexicousa2026/match-center | https://www.theguardian.com/football/live/2026/jun/16/iraq-v-norway-world-cup-2026-live | https://nypost.com/2026/06/10/sports/world-cup-2026-group-i-preview-prediction-odds-full-team-overviews/ | https://nypost.com/2026/06/16/betting/iraq-vs-norway-world-cup-prediction-best-bet/ | https://www.theguardian.com/football/2026/jun/01/world-cup-2026-stadium-guide,"Norway opened with a 4-1 win over Iraq on 2026-06-16; Erling Haaland scored twice, although the match report noted defensive vulnerability during Iraq's stronger spells. Senegal lost 3-1 to France on 2026-06-16.",No match-specific confirmed injuries or suspensions for Norway or Senegal were found by the 2026-06-21 cutoff; unavailable.,"Group I after one match: Norway 3 pts, GD +3; Senegal 0 pts, GD -2. Norway could reach six points and move close to qualification; Senegal needed a result before its final match against Iraq on 2026-06-26.","New York New Jersey Stadium is the open-air MetLife Stadium in East Rutherford, capacity 82,500, with a 20:00 local kickoff. A reliable match-time weather forecast was unavailable by the cutoff.",current_snapshot
2026-06-22-jor-alg,2026-06-22T22:00:00-05:00,2026-06-23T03:00:00Z,JOR,ALG,1680.0,1772.0,1653.305,1759.199,1,1,0,0,-2,-3,0.0,0.0,0.0,0.0,5,6,2.75,1.09756,1.77157,0.24491782,0.30451723,0.45056495,wc_team_elo_baseline_june11.csv + deterministic Elo updates from wc_2026_results_through_june23.csv,wc_2026_results_through_june23.csv,https://www.fifa.com/en/tournaments/mens/worldcup/canadamexicousa2026/match-center,medium,https://www.fifa.com/en/tournaments/mens/worldcup/canadamexicousa2026/match-center | https://www.theguardian.com/football/live/2026/jun/17/fifa-world-cup-2026-live-austria-v-jordan-updates-aut-vs-jor-group-j-match-score-latest | https://www.starsandstripesfc.com/fifa-world-cup/44091/2026-world-cup-group-j-preview | https://www.theguardian.com/football/2026/jun/01/world-cup-2026-stadium-guide,Jordan lost 3-1 to Austria on 2026-06-17 but produced four shots on target to Austria's two and Ali Olwan scored Jordan's first World Cup goal. Algeria lost 3-0 to Argentina on 2026-06-16.,Jordan: star striker Yazan Al-Naimat was reported before the tournament as missing through injury. Algeria: match-specific injury and suspension information by the cutoff was unavailable. No confirmed suspensions were found for Jordan.,"Group J after one match: Jordan 0 pts, GD -2; Algeria 0 pts, GD -3. This was a high-leverage match between the bottom two: a loss would leave either side near elimination, while a win would restore a realistic route to a top-two or best-third-place finish.","San Francisco Bay Area Stadium is the open-air Levi's Stadium in Santa Clara, with a 20:00 local kickoff on 2026-06-22. A reliable match-time weather forecast was unavailable by the cutoff.",current_snapshot
2026-06-23-por-uzb,2026-06-23T12:00:00-05:00,2026-06-23T17:00:00Z,POR,UZB,1989.0,1670.0,1965.918,1646.927,1,1,1,0,0,-2,0.0,0.0,0.0,0.0,6,6,2.75,2.45203,0.65684,0.64429262,0.25299871,0.10270867,wc_team_elo_baseline_june11.csv + deterministic Elo updates from wc_2026_results_through_june23.csv,wc_2026_results_through_june23.csv,https://www.fifa.com/en/tournaments/mens/worldcup/canadamexicousa2026/match-center,medium-low,https://www.fifa.com/en/tournaments/mens/worldcup/canadamexicousa2026/match-center | https://nypost.com/2026/06/10/sports/world-cup-2026-group-k-preview-prediction-odds-full-team-overviews/ | https://www.starsandstripesfc.com/copa-america/44201/2026-world-cup-group-k-preview | https://www.fourfourtwo.com/team/uzbekistan-world-cup-2026-squad | https://www.theguardian.com/football/2026/jun/01/world-cup-2026-stadium-guide,"Portugal drew 1-1 with Congo DR on 2026-06-17. Uzbekistan lost 3-1 to Colombia in its first World Cup match the same day. Pre-tournament reporting described Portugal as tactically flexible between a back three and back four with an aggressive press, and Uzbekistan as defense-first and counterattacking under Fabio Cannavaro.",No match-specific confirmed injuries or suspensions for Portugal or Uzbekistan were found by the 2026-06-21 cutoff; unavailable.,"Group K after one match: Portugal 1 pt, GD 0; Uzbekistan 0 pts, GD -2. Portugal needed a win to keep pace with Colombia; Uzbekistan needed points to preserve a credible path to qualification before facing Congo DR on 2026-06-27.","Houston Stadium is NRG Stadium, a retractable-roof, climate-controlled venue. A roof decision and reliable match-time external-weather forecast were unavailable by the cutoff.",current_snapshot
2026-06-23-eng-gha,2026-06-23T15:00:00-05:00,2026-06-23T20:00:00Z,ENG,GHA,2024.0,1710.0,2045.717,1734.036,1,1,3,3,2,1,0.0,0.0,0.0,0.0,6,6,2.75,2.43295,0.66769,0.63946565,0.25421459,0.10631976,wc_team_elo_baseline_june11.csv + deterministic Elo updates from wc_2026_results_through_june23.csv,wc_2026_results_through_june23.csv,https://www.fifa.com/en/tournaments/mens/worldcup/canadamexicousa2026/match-center,high,https://www.fifa.com/en/tournaments/mens/worldcup/canadamexicousa2026/match-center | https://www.theguardian.com/football/2026/jun/21/england-declan-rice-hamstring-nerve-pain-arsenal-schedule-world-cup | https://www.theguardian.com/football/2026/jun/20/rashford-and-rice-give-england-boost-for-ghana-but-saka-set-for-bench-again | https://nypost.com/2026/06/16/sports/englands-tino-livramento-out-of-world-cup-in-injury-blow/ | https://www.theguardian.com/football/2026/jun/01/world-cup-2026-stadium-guide,"England beat Croatia 4-2 on 2026-06-17 and led Group L on goal difference. Ghana beat Panama 1-0, setting up a meeting of the group's two opening winners.",England: Tino Livramento was ruled out of the tournament with a calf injury on 2026-06-16 and replaced by Trevoh Chalobah. Bukayo Saka was managing an Achilles problem and was not considered ready for 90 minutes. Declan Rice had upper-hamstring/lower-back nerve pain but said on 2026-06-21 he was fit; Marcus Rashford returned to training after a minor muscular issue. Ghana: match-specific confirmed injury or suspension information was unavailable.,"Group L after one match: England 3 pts, GD +2; Ghana 3 pts, GD +1. The winner would take sole control and be strongly placed to qualify; a draw would leave both unbeaten before the final round.","Boston Stadium is the open-air Gillette Stadium in Foxborough, listed at about 65,000 capacity for the tournament, with a 16:00 local kickoff. A reliable match-time weather forecast was unavailable by the cutoff.",current_snapshot
2026-06-23-pan-cro,2026-06-23T18:00:00-05:00,2026-06-23T23:00:00Z,PAN,CRO,1640.0,1825.0,1615.964,1803.283,1,1,0,0,-1,-2,0.0,0.0,0.0,0.0,6,6,2.75,0.90084,2.05989,0.18252372,0.280919,0.53655728,wc_team_elo_baseline_june11.csv + deterministic Elo updates from wc_2026_results_through_june23.csv,wc_2026_results_through_june23.csv,https://www.fifa.com/en/tournaments/mens/worldcup/canadamexicousa2026/match-center,low,https://www.fifa.com/en/tournaments/mens/worldcup/canadamexicousa2026/match-center | https://www.theguardian.com/football/2026/jun/01/world-cup-2026-stadium-guide | https://www.fourfourtwo.com/features/fifa-world-cup-2026-dates-fixtures-stadiums-tickets-and-everything-you-need-to-know | https://www.timesunion.com/sports/article/2026-fifa-world-cup-group-capsules-soccer-usa-22221288.php,Panama lost 1-0 to Ghana on 2026-06-17; Croatia lost 4-2 to England the same day after England pulled away in the second half. Both entered their second match without a point.,No match-specific confirmed injuries or suspensions for Panama or Croatia were found by the 2026-06-21 cutoff; unavailable.,"Group L after one match: Croatia 0 pts, GD -2; Panama 0 pts, GD -1. This was a must-improve contest: defeat would put either team close to elimination, while a win would revive top-two and best-third-place prospects.","Toronto Stadium is the expanded, open-air BMO Field, listed around 45,000 capacity for the tournament, with a 19:00 local kickoff. A reliable match-time weather forecast was unavailable by the cutoff.",current_snapshot
2026-06-23-col-cod,2026-06-23T21:00:00-05:00,2026-06-24T02:00:00Z,COL,COD,1855.0,1635.0,1878.073,1658.082,1,1,3,1,2,0,0.0,0.0,0.0,0.0,6,6,2.75,2.16664,0.83085,0.56732587,0.27277116,0.15990297,wc_team_elo_baseline_june11.csv + deterministic Elo updates from wc_2026_results_through_june23.csv,wc_2026_results_through_june23.csv,https://www.fifa.com/en/tournaments/mens/worldcup/canadamexicousa2026/match-center,medium-low,https://www.fifa.com/en/tournaments/mens/worldcup/canadamexicousa2026/match-center | https://www.tropicanafm.com/2026/jugador-de-la-seleccion-colombia-tuvo-dolorosa-perdida-en-pleno-mundial-juro-hacerte-sentir-orgulloso-468348.html | https://nypost.com/2026/06/10/sports/world-cup-2026-group-k-preview-prediction-odds-full-team-overviews/ | https://www.starsandstripesfc.com/copa-america/44201/2026-world-cup-group-k-preview | https://www.theguardian.com/football/2026/jun/01/world-cup-2026-stadium-guide,"Colombia beat Uzbekistan 3-1 on 2026-06-17; Congo DR drew 1-1 with Portugal. Colombia midfielder Juan Camilo Portilla suffered the death of his grandfather during the camp; the Colombian federation issued condolences, but the cited 2026-06-20 report did not say he had left camp or was unavailable.","No match-specific confirmed injuries or suspensions for Colombia or Congo DR were found by the 2026-06-21 cutoff; unavailable. Portilla's bereavement is team news, not an injury, and his playing status was unavailable.","Group K after one match: Colombia 3 pts, GD +2; Congo DR 1 pt, GD 0. A Colombia win could secure or nearly secure advancement depending on the earlier Portugal-Uzbekistan result; Congo DR could take a major step toward qualification with a result.","Estadio Guadalajara is the open-air Estadio Akron in Zapopan, listed around 48,000 capacity, with a 20:00 local kickoff. A reliable match-time weather forecast was unavailable by the cutoff.",current_snapshot
2026-06-24-sui-can,2026-06-24T14:00:00-05:00,2026-06-24T19:00:00Z,SUI,CAN,1830.0,1860.0,1851.667,1871.903,2,2,4,4,3,6,0.0,0.0,0.0,0.0,6,6,2.75,1.32233,1.45044,0.31408914,0.33301876,0.35289209,wc_team_elo_baseline_june11.csv + deterministic Elo updates from wc_2026_results_through_june23.csv,wc_2026_results_through_june23.csv,https://www.fifa.com/en/tournaments/mens/worldcup/canadamexicousa2026/match-center,high,https://www.fifa.com/en/tournaments/mens/worldcup/canadamexicousa2026/match-center | https://www.theguardian.com/football/2026/jun/18/ismael-kone-injury-reaction-canada | https://as.com/futbol/mundial/millonada-en-italia-tras-la-gravisima-lesion-de-kone-f202606-n/ | https://www.welt.de/newsticker/dpa_nt/infoline_nt/sport_nt/article6a3481beaf14c0b52895f024/schockszene-bei-kanada-spiel-kone-mit-trage-vom-platz.html | https://www.theguardian.com/football/2026/jun/01/world-cup-2026-stadium-guide,"Switzerland followed a 1-1 draw with Qatar by beating Bosnia and Herzegovina 4-1. Canada followed a 1-1 draw with Bosnia and Herzegovina by beating nine-man Qatar 6-0; Jonathan David scored a hat-trick, but the win was overshadowed by Ismael Kone's severe injury.","Canada: Ismael Kone suffered fractures of the left tibia and fibula, underwent successful surgery and is out for the tournament. Alphonso Davies had not played in Canada's first two matches while returning to fitness; match-specific availability for Switzerland was unavailable. Confirmed suspensions: none found for either team.","Group B: Canada 4 pts, GD +6; Switzerland 4 pts, GD +3. A draw sends both through and leaves Canada first. The loser could be caught on four points by the Bosnia-Qatar winner, so neither side is mathematically secure before kickoff.","BC Place is an enclosed/retractable-roof venue, limiting direct weather exposure if the roof is closed. A reliable roof decision and match-time forecast for June 24 were unavailable by the cutoff.",current_snapshot
2026-06-24-bih-qat,2026-06-24T14:00:00-05:00,2026-06-24T19:00:00Z,BIH,QAT,1720.0,1570.0,1690.782,1565.648,2,2,1,1,-3,-6,0.0,0.0,0.0,0.0,6,6,2.75,1.84204,1.04873,0.47184691,0.29855677,0.22959632,wc_team_elo_baseline_june11.csv + deterministic Elo updates from wc_2026_results_through_june23.csv,wc_2026_results_through_june23.csv,https://www.fifa.com/en/tournaments/mens/worldcup/canadamexicousa2026/match-center,medium-high,https://www.fifa.com/en/tournaments/mens/worldcup/canadamexicousa2026/match-center | https://www.theguardian.com/football/2026/jun/18/ismael-kone-injury-reaction-canada | https://nypost.com/2026/06/18/sports/ismael-kone-leaves-world-cup-game-early-with-serious-leg-injury/ | https://www.theguardian.com/football/2026/jun/01/world-cup-2026-stadium-guide,"Bosnia and Herzegovina drew 1-1 with Canada before losing 4-1 to Switzerland. Qatar drew 1-1 with Switzerland, then lost 6-0 to Canada in a match in which they finished with nine players.",Qatar: Homam Ahmed and Assim Madibo are suspended after red cards against Canada; Madibo was sent off for the challenge that broke Ismael Kone's leg. Bosnia and Herzegovina: match-specific confirmed injuries or suspensions were unavailable.,"Group B: Bosnia and Herzegovina 1 pt, GD -3; Qatar 1 pt, GD -6. Both need a win. The winner reaches four points and could take second if Switzerland or Canada loses by enough, or otherwise contend for a best-third-place berth; a draw almost certainly eliminates both.",Seattle Stadium is the open-air Lumen Field. A reliable match-time forecast for the 12:00 local kickoff on June 24 was unavailable by the cutoff.,current_snapshot
2026-06-24-sco-bra,2026-06-24T17:00:00-05:00,2026-06-24T22:00:00Z,SCO,BRA,1765.0,1978.0,1751.379,1972.287,2,2,3,4,0,3,0.0,0.0,0.0,0.0,5,5,2.75,0.82897,2.16955,0.15929275,0.27255409,0.56815315,wc_team_elo_baseline_june11.csv + deterministic Elo updates from wc_2026_results_through_june23.csv,wc_2026_results_through_june23.csv,https://www.fifa.com/en/tournaments/mens/worldcup/canadamexicousa2026/match-center,high,https://www.fifa.com/en/tournaments/mens/worldcup/canadamexicousa2026/match-center | https://www.barcablaugranes.com/world-cup-2026/124120/brazil-confirm-raphinha-injury-in-fresh-update-on-barcelona-star | https://www.thetimes.com/sport/scottish/article/scotland-brazil-world-cup-neymar-jack-hendry-scott-mctominay-spjzh7gfl | https://www.theguardian.com/football/2026/jun/20/scotland-2026-world-cup-destiny-morocco-brazil-steve-clarke | https://www.theguardian.com/football/2026/jun/01/world-cup-2026-stadium-guide,Scotland beat Haiti 1-0 and then lost 1-0 to Morocco. Brazil drew 1-1 with Morocco and beat Haiti 3-0. Scotland reporting emphasized that their qualification fate remained in their own hands despite limited attacking output.,"Brazil: Raphinha has a right-hamstring muscle injury and is ruled out of this match. Neymar was expected to be available after his calf rehabilitation, but his exact role was unconfirmed. Scotland: Aaron Hickey was not expected back unless Scotland advanced; Scott McKenna and Lewis Ferguson were being monitored. Confirmed suspensions were unavailable.","Group C: Brazil 4 pts, GD +3; Morocco 4 pts, GD +1; Scotland 3 pts, GD 0; Haiti 0 pts, GD -4. Brazil guarantee advancement with a draw and can win the group. Scotland qualify with a win; a draw gives four points and a strong best-third-place chance but may not secure the top two.","Miami Stadium is the open-air Hard Rock Stadium in Miami Gardens, where heat, humidity and storms can matter. A reliable match-time forecast for June 24 was unavailable by the cutoff.",current_snapshot
2026-06-24-mar-hai,2026-06-24T17:00:00-05:00,2026-06-24T22:00:00Z,MAR,HAI,1830.0,1500.0,1866.399,1482.935,2,2,4,0,1,-4,0.0,0.0,0.0,0.0,5,5,2.75,2.60737,0.57403,0.68128644,0.24378118,0.07493239,wc_team_elo_baseline_june11.csv + deterministic Elo updates from wc_2026_results_through_june23.csv,wc_2026_results_through_june23.csv,https://www.fifa.com/en/tournaments/mens/worldcup/canadamexicousa2026/match-center,medium,https://www.fifa.com/en/tournaments/mens/worldcup/canadamexicousa2026/match-center | https://www.fourfourtwo.com/person/player/scotland-world-cup-opponents-suffer-huge-blow-as-28-goal-star-man-injured-on-eve-of-tournament | https://www.theguardian.com/football/2026/may/30/haiti-world-cup-2026-team-guide | https://www.starsandstripesfc.com/fifa-world-cup/43930/2026-world-cup-group-c-preview | https://www.theguardian.com/football/2026/jun/01/world-cup-2026-stadium-guide,"Morocco drew 1-1 with Brazil and beat Scotland 1-0. Haiti lost 1-0 to Scotland and 3-0 to Brazil. Haiti's pre-tournament identity was a disciplined, transition-focused 4-4-2/4-2-3-1 built around Johny Placide, Jean-Ricner Bellegarde and Duckens Nazon.",Morocco: Abde Ezzalzouli suffered a medial-knee-ligament sprain before the tournament and was expected to miss three to four weeks; Noussair Mazraoui had a shoulder issue but was expected to be fit. Haiti: match-specific confirmed injuries and suspensions were unavailable. Confirmed suspensions for Morocco were unavailable.,"Group C: Morocco 4 pts, GD +1; Haiti 0 pts, GD -4. Morocco guarantee advancement with a draw and can win the group. Haiti must win to reach three points and then need Scotland to lose plus favorable goal-difference and best-third-place results; elimination remains the overwhelmingly likely outcome.","Atlanta Stadium is Mercedes-Benz Stadium, a retractable-roof, climate-controlled venue. Roof status and a reliable match-time forecast were unavailable by the cutoff.",current_snapshot
2026-06-24-rsa-kor,2026-06-24T20:00:00-05:00,2026-06-25T01:00:00Z,RSA,KOR,1675.0,1725.0,1653.93,1736.065,2,2,1,3,-2,0,0.0,0.0,0.0,0.0,6,6,2.75,1.15918,1.68322,0.26410167,0.31214836,0.42374997,wc_team_elo_baseline_june11.csv + deterministic Elo updates from wc_2026_results_through_june23.csv,wc_2026_results_through_june23.csv,https://www.fifa.com/en/tournaments/mens/worldcup/canadamexicousa2026/match-center,low,https://www.fifa.com/en/tournaments/mens/worldcup/canadamexicousa2026/match-center | https://www.starsandstripesfc.com/copa-america/43910/2026-world-cup-group-a-preview | https://www.fourfourtwo.com/team/czech-republic-world-cup-2026-squad | https://www.theguardian.com/football/2026/jun/01/world-cup-2026-stadium-guide,South Africa lost 2-0 to Mexico and drew 1-1 with Czechia. South Korea beat Czechia 2-1 and lost 1-0 to Mexico. No reliable match-specific team-news report was found by the cutoff.,Match-specific confirmed injuries and suspensions for South Africa and South Korea were unavailable.,"Group A: South Korea 3 pts, GD 0; South Africa 1 pt, GD -2. South Korea guarantee at least second with a win; a draw may be enough depending on Czechia-Mexico. South Africa must win and then compare points, goal difference and the parallel result for second or third.","Monterrey Stadium is the open-air Estadio BBVA in Guadalupe. Heat can be significant at an 19:00 local kickoff, but a reliable match-time forecast for June 24 was unavailable by the cutoff.",current_snapshot
2026-06-24-cze-mex,2026-06-24T20:00:00-05:00,2026-06-25T01:00:00Z,CZE,MEX,1795.0,1790.0,1749.48,1845.525,2,2,1,6,-1,3,0.0,0.0,0.0,0.0,6,6,2.75,1.12295,1.7351,0.25284509,0.30764726,0.43950765,wc_team_elo_baseline_june11.csv + deterministic Elo updates from wc_2026_results_through_june23.csv,wc_2026_results_through_june23.csv,https://www.fifa.com/en/tournaments/mens/worldcup/canadamexicousa2026/match-center,medium-low,https://www.fifa.com/en/tournaments/mens/worldcup/canadamexicousa2026/match-center | https://www.fourfourtwo.com/team/czech-republic-world-cup-2026-squad | https://www.starsandstripesfc.com/copa-america/43910/2026-world-cup-group-a-preview | https://www.theguardian.com/football/2026/jun/11/mexico-hoping-football-emerges-from-the-chaos-surrounding-world-cup | https://www.theguardian.com/football/2026/jun/01/world-cup-2026-stadium-guide,"Czechia lost 2-1 to South Korea and drew 1-1 with South Africa. Host Mexico beat South Africa 2-0 and South Korea 1-0, taking maximum points without conceding. Current match-specific reporting was limited by the cutoff.","Match-specific confirmed injuries and suspensions for Czechia and Mexico were unavailable. Czechia's final squad omitted goalkeepers Vitezslav Jaros and Antonin Kinsky, but those were roster decisions/availability before the tournament rather than new match injuries.","Group A: Mexico 6 pts, GD +3 and are guaranteed a top-two place; a draw secures first. Czechia have 1 pt, GD -1 and must win to reach four points, then need the South Korea-South Africa result and tiebreakers to determine second or a best-third-place route.","Mexico City Stadium is the open-air Estadio Azteca at roughly 2,200 metres elevation, making altitude a material factor. A reliable match-time forecast for June 24 was unavailable by the cutoff.",current_snapshot
2026-06-25-ecu-ger,2026-06-25T15:00:00-05:00,2026-06-25T20:00:00Z,ECU,GER,1795.0,1900.0,1740.939,1931.155,2,2,1,6,-1,7,0.0,0.0,0.0,0.0,5,5,2.75,0.8944,2.06959,0.18045099,0.28016404,0.53938498,wc_team_elo_baseline_june11.csv + deterministic Elo updates from wc_2026_results_through_june23.csv,wc_2026_results_through_june23.csv,https://www.fifa.com/en/tournaments/mens/worldcup/canadamexicousa2026/match-center,medium-high,https://www.fifa.com/en/tournaments/mens/worldcup/canadamexicousa2026/match-center | https://www.bavarianfootballworks.com/fifa-world-cup/219089/match-analysis-observations-world-cup-germany-ivory-coast | https://www.thesun.ie/sport/17153642/man-uttd-antonio-valencia-ecuador-world-cup/ | https://nypost.com/2026/06/10/sports/world-cup-2026-group-e-preview-prediction-odds-full-team-overviews/ | https://www.theguardian.com/football/2026/jun/01/world-cup-2026-stadium-guide,Ecuador lost 1-0 to Ivory Coast and drew 0-0 with Curacao despite generating heavy pressure. Germany beat Curacao 7-1 and came from behind to beat Ivory Coast 2-1; substitute Deniz Undav scored twice and Germany clinched advancement.,No match-specific confirmed Ecuador injuries or suspensions were found. Germany: no confirmed new absence was reported after the Ivory Coast match; confirmed suspensions were unavailable.,"Group E: Germany 6 pts, GD +7 and are qualified; a draw wins the group. Ecuador 1 pt, GD -1 and must beat Germany to reach four points, then need the Curacao-Ivory Coast result and tiebreakers for second or third.",New York New Jersey Stadium is the open-air MetLife Stadium in East Rutherford. A reliable match-time forecast for the 16:00 local kickoff on June 25 was unavailable by the cutoff.,current_snapshot
2026-06-25-cur-civ,2026-06-25T15:00:00-05:00,2026-06-25T20:00:00Z,CUR,CIV,1530.0,1725.0,1534.553,1743.352,2,2,1,3,-6,0,0.0,0.0,0.0,0.0,5,5,2.75,0.85415,2.13074,0.16745993,0.27547105,0.55706902,wc_team_elo_baseline_june11.csv + deterministic Elo updates from wc_2026_results_through_june23.csv,wc_2026_results_through_june23.csv,https://www.fifa.com/en/tournaments/mens/worldcup/canadamexicousa2026/match-center,high,https://www.fifa.com/en/tournaments/mens/worldcup/canadamexicousa2026/match-center | https://www.thesun.co.uk/sport/39486180/ivory-coast-wilfried-singo-world-cup-injury/ | https://www.the-sun.com/sport/16551183/world-cup-curacao-ecuador-eloy-room-tribute-former-teammate/ | https://www.bavarianfootballworks.com/fifa-world-cup/219089/match-analysis-observations-world-cup-germany-ivory-coast | https://www.theguardian.com/football/2026/jun/01/world-cup-2026-stadium-guide,"Curacao rebounded from a 7-1 loss to Germany by drawing 0-0 with Ecuador, with goalkeeper Eloy Room making a reported 15 saves. Ivory Coast beat Ecuador 1-0 and then lost 2-1 to Germany after leading through Franck Kessie.","Ivory Coast: Wilfried Singo suffered a left-hamstring injury against Germany and was considered highly unlikely to play again in the tournament, although the exact grade was unavailable. Curacao: no match-specific confirmed injuries or suspensions were found. Confirmed suspensions for either team were unavailable.","Group E: Ivory Coast 3 pts, GD 0; Curacao 1 pt, GD -6. Ivory Coast guarantee advancement with a win and may advance with a draw depending on Ecuador-Germany. Curacao must win to reach four points and then rely on the parallel result and substantial tiebreaker help.",Philadelphia Stadium is the open-air Lincoln Financial Field. A reliable match-time forecast for the 16:00 local kickoff on June 25 was unavailable by the cutoff.,current_snapshot
2026-06-25-tun-ned,2026-06-25T18:00:00-05:00,2026-06-25T23:00:00Z,TUN,NED,1650.0,1935.0,1579.508,1956.517,2,2,0,4,-8,4,0.0,0.0,0.0,0.0,4,5,2.75,0.58132,2.59282,0.07739564,0.24458921,0.67801516,wc_team_elo_baseline_june11.csv + deterministic Elo updates from wc_2026_results_through_june23.csv,wc_2026_results_through_june23.csv,https://www.fifa.com/en/tournaments/mens/worldcup/canadamexicousa2026/match-center,high,https://www.fifa.com/en/tournaments/mens/worldcup/canadamexicousa2026/match-center | https://www.theguardian.com/football/live/2026/jun/21/fifa-world-cup-2026-live-tunisia-v-japan-updates-tun-vs-jpn-group-f-match-score-latest | https://www.barcablaugranes.com/world-cup-2026/124115/im-feeling-a-bit-of-pain-frenkie-de-jong-shares-injury-update-after-netherlands-win | https://people.com/tunisia-soccer-team-fires-head-coach-one-game-into-painful-2026-world-cup-12000166 | https://www.theguardian.com/football/2026/jun/01/world-cup-2026-stadium-guide,"Tunisia lost 5-1 to Sweden, dismissed coach Sabri Lamouchi, appointed Herve Renard, and then lost 4-0 to Japan. The Netherlands drew 2-2 with Japan and beat Sweden 5-1.",Netherlands: Frenkie de Jong played about an hour against Sweden despite a minor issue and said he still felt manageable pain; his availability/workload for this match was uncertain. Tunisia: no match-specific confirmed player injuries or suspensions were found. Managerial change is confirmed.,"Group F: Netherlands 4 pts, GD +4; Japan 4 pts, GD +4; Sweden 3 pts, GD 0; Tunisia 0 pts, GD -8. Tunisia are eliminated. The Netherlands guarantee advancement with a win and should advance with a draw; first place depends on Japan-Sweden and tiebreakers.",Kansas City Stadium is the open-air Arrowhead Stadium. A reliable match-time forecast for the 18:00 local kickoff on June 25 was unavailable by the cutoff.,current_snapshot
2026-06-25-jpn-swe,2026-06-25T18:00:00-05:00,2026-06-25T23:00:00Z,JPN,SWE,1815.0,1715.0,1849.613,1729.362,2,2,4,3,4,0,0.0,0.0,0.0,0.0,4,5,2.75,1.82426,1.06102,0.46648931,0.3000495,0.23346119,wc_team_elo_baseline_june11.csv + deterministic Elo updates from wc_2026_results_through_june23.csv,wc_2026_results_through_june23.csv,https://www.fifa.com/en/tournaments/mens/worldcup/canadamexicousa2026/match-center,high,https://www.fifa.com/en/tournaments/mens/worldcup/canadamexicousa2026/match-center | https://www.theguardian.com/football/live/2026/jun/21/fifa-world-cup-2026-live-tunisia-v-japan-updates-tun-vs-jpn-group-f-match-score-latest | https://omni.se/ny-skada-for-sveriges-kommande-motstandare/a/k0QjEk | https://www.starsandstripesfc.com/fifa-world-cup/44036/2026-world-cup-group-f-preview | https://www.theguardian.com/football/2026/jun/01/world-cup-2026-stadium-guide,"Japan drew 2-2 with the Netherlands and beat Tunisia 4-0, with Ayase Ueda scoring twice in a 3-4-3. Sweden beat Tunisia 5-1 but then lost 5-1 to the Netherlands.","Japan: Takefusa Kubo missed the Tunisia match with a knee injury; Kaoru Mitoma and Takumi Minamino were absent from the tournament, and Wataru Endo was also unavailable for the Tunisia match. Match-specific Sweden injuries or suspensions were unavailable.","Group F: Japan 4 pts, GD +4; Sweden 3 pts, GD 0. Japan guarantee advancement with a draw and can win the group. Sweden qualify with a win; a draw gives four points and may be enough as a best third-placed team depending on other groups.","Dallas Stadium is AT&T Stadium, a retractable-roof, climate-controlled venue. Roof status and a reliable match-time external forecast were unavailable by the cutoff.",current_snapshot
2026-06-25-par-aus,2026-06-25T21:00:00-05:00,2026-06-26T02:00:00Z,PAR,AUS,1710.0,1639.0,1703.7,1673.267,2,2,3,3,-2,0,0.0,0.0,0.0,0.0,6,6,2.75,1.48871,1.29553,0.36453167,0.32951579,0.30595254,wc_team_elo_baseline_june11.csv + deterministic Elo updates from wc_2026_results_through_june23.csv,wc_2026_results_through_june23.csv,https://www.fifa.com/en/tournaments/mens/worldcup/canadamexicousa2026/match-center,high,https://www.fifa.com/en/tournaments/mens/worldcup/canadamexicousa2026/match-center | https://www.theguardian.com/football/2026/jun/21/australias-jackson-irvine-has-no-sympathy-for-paraguay-after-historic-world-cup-red-card | https://nypost.com/2026/06/06/sports/paraguay-loses-star-player-julio-enciso-one-week-before-world-cup/ | https://www.starsandstripesfc.com/fifa-world-cup/44271/usa-vs-australia-2026-world-cup-scouting-australia | https://www.theguardian.com/football/2026/jun/01/world-cup-2026-stadium-guide,"Paraguay lost 4-1 to the USA and beat Turkiye 1-0. Australia beat Turkiye 2-0 and lost 2-0 to the USA. Australia described Paraguay as unpredictable, aggressive and physically demanding ahead of a match likely to decide second place.","Paraguay: Miguel Almiron is suspended after a red card against Turkiye. Julio Enciso suffered an injury before the tournament; an early report suggested a possible return for the Australia match, but his availability remained unconfirmed by the cutoff. Australia: match-specific confirmed injuries or suspensions were unavailable.","Group D: Australia 3 pts, GD 0; Paraguay 3 pts, GD -2. The winner reaches six points and secures advancement. A draw leaves both on four and sends second place/two best-third-place prospects to goal difference and the Turkiye-USA result.",San Francisco Bay Area Stadium is the open-air Levi's Stadium in Santa Clara. A reliable match-time forecast for the 18:00 local kickoff on June 25 was unavailable by the cutoff.,current_snapshot
2026-06-25-tur-usa,2026-06-25T21:00:00-05:00,2026-06-26T02:00:00Z,TUR,USA,1800.0,1780.0,1699.759,1852.274,2,2,0,6,-3,5,0.0,0.0,0.0,0.0,6,6,2.75,0.98151,1.94007,0.20832163,0.2904647,0.50121367,wc_team_elo_baseline_june11.csv + deterministic Elo updates from wc_2026_results_through_june23.csv,wc_2026_results_through_june23.csv,https://www.fifa.com/en/tournaments/mens/worldcup/canadamexicousa2026/match-center,high,https://www.fifa.com/en/tournaments/mens/worldcup/canadamexicousa2026/match-center | https://people.com/us-tops-australia-without-injured-star-christian-pulisic-as-team-advances-to-world-cup-knockout-stage-12003321 | https://nypost.com/2026/06/21/sports/ricardo-pepi-rewarding-usmnts-world-cup-trust-after-injury-struggles/ | https://www.theguardian.com/football/2026/jun/18/usmnt-christian-pulisic-status-mauricio-pochettino | https://www.theguardian.com/football/blog/2026/jun/12/world-cup-group-d-matches-turkey-national-football-team-strengths-weaknesses | https://www.theguardian.com/football/2026/jun/01/world-cup-2026-stadium-guide,"Turkiye lost 2-0 to Australia and 1-0 to Paraguay. The USA beat Paraguay 4-1 and Australia 2-0 to clinch knockout-stage qualification. Without Christian Pulisic against Australia, Mauricio Pochettino used Ricardo Pepi alongside Folarin Balogun in a successful two-striker setup.","USA: Christian Pulisic missed the Australia match with a left-calf injury; his recovery was progressing, but availability for Turkiye was not confirmed by the cutoff. Turkiye: match-specific confirmed injuries or suspensions were unavailable.","Group D: USA 6 pts, GD +5 and are qualified; a draw secures first. Turkiye 0 pts, GD -3 must beat the USA to reach three points and also need a loser in Paraguay-Australia plus favorable goal-difference and best-third-place comparisons.","Los Angeles Stadium is SoFi Stadium in Inglewood, covered by a fixed translucent roof but open at the sides. Direct rain is limited, though temperature/airflow can still matter. A reliable match-time forecast was unavailable by the cutoff.",current_snapshot
2026-06-26-nor-fra,2026-06-26T14:00:00-05:00,2026-06-26T19:00:00Z,NOR,FRA,1914.0,2063.0,1951.663,2090.159,2,2,6,6,4,5,0.0,0.0,0.0,0.0,4,4,2.75,1.01556,1.89025,0.21912427,0.29454766,0.48632807,wc_team_elo_baseline_june11.csv + deterministic Elo updates from wc_2026_results_through_june23.csv,wc_2026_results_through_june23.csv,https://www.fifa.com/en/tournaments/mens/worldcup/canadamexicousa2026/match-center,medium,https://www.fifa.com/en/tournaments/mens/worldcup/canadamexicousa2026/match-center | https://www.theguardian.com/football/live/2026/jun/16/iraq-v-norway-world-cup-2026-live | https://www.managingmadrid.com/real-madrid-cf-players/109066/kylian-mbappe-becomes-frances-record-goalscorer-to-beat-senegal | https://www.theguardian.com/football/2026/jun/21/england-declan-rice-hamstring-nerve-pain-arsenal-schedule-world-cup | https://www.theguardian.com/football/2026/jun/01/world-cup-2026-stadium-guide,"Norway opened with a 4-1 win over Iraq, led by two Erling Haaland goals and a Leo Ostigard goal; France beat Senegal 3-1, with Kylian Mbappe scoring twice. Their June 22 second matches had not been played by the June 21 cutoff, so later form and team news were unavailable.",No match-specific confirmed Norway or France injury absence was found by the cutoff. France defender William Saliba was reported to be managing persistent niggles while continuing to play; his June 26 availability was unavailable. Confirmed suspensions: unavailable because the June 22 matches could still create them.,"Group I as of June 21: Norway 3 pts, GD +3; France 3 pts, GD +2; Senegal 0, Iraq 0. Both teams still had June 22 matches, so the exact qualification requirement and rotation incentive for this final fixture were unavailable. The match was positioned to have first-place significance, but that was not yet guaranteed.","Boston Stadium is the open-air Gillette Stadium in Foxborough, with a 15:00 local kickoff. Late-June heat or storms are possible, but a reliable match-time forecast for June 26 and any heat-protocol decision were unavailable by the cutoff.",conditional_requires_rerun_after_intervening_matches
2026-06-26-sen-irq,2026-06-26T14:00:00-05:00,2026-06-26T19:00:00Z,SEN,IRQ,1860.0,1607.0,1816.315,1585.864,2,2,0,0,-3,-6,0.0,0.0,0.0,0.0,4,4,2.75,2.19955,0.80971,0.57663664,0.27033404,0.15302932,wc_team_elo_baseline_june11.csv + deterministic Elo updates from wc_2026_results_through_june23.csv,wc_2026_results_through_june23.csv,https://www.fifa.com/en/tournaments/mens/worldcup/canadamexicousa2026/match-center,medium-low,https://www.fifa.com/en/tournaments/mens/worldcup/canadamexicousa2026/match-center | https://www.theguardian.com/football/live/2026/jun/16/iraq-v-norway-world-cup-2026-live | https://www.nypost.com/2026/06/10/sports/world-cup-2026-group-i-preview-prediction-odds-full-team-overviews/ | https://www.theguardian.com/football/2026/jun/01/world-cup-2026-stadium-guide,Senegal lost 3-1 to France in their opener. Iraq lost 4-1 to Norway after equalizing and producing a spell of pressure before Norway pulled away. Their June 22 second matches had not been played by the cutoff; reliable later team news was unavailable.,Match-specific confirmed injuries for Senegal or Iraq were unavailable. Confirmed suspensions were also unavailable because cards or dismissals in the intervening June 22 matches could affect June 26.,"Group I as of June 21: Senegal 0 pts, GD -2; Iraq 0 pts, GD -3. Both still had June 22 matches, so the exact final-round qualification state was unavailable. At the cutoff both needed points in match two to avoid arriving in Toronto near elimination; June 26 could still decide second or a best-third-place route.","Toronto Stadium is the expanded, open-air BMO Field, with a 15:00 local kickoff. A reliable match-time forecast for June 26 was unavailable by the cutoff.",conditional_requires_rerun_after_intervening_matches
2026-06-26-uru-esp,2026-06-26T19:00:00-05:00,2026-06-27T00:00:00Z,URU,ESP,1892.0,2129.0,1851.103,2107.282,2,2,2,4,0,4,0.0,0.0,0.0,0.0,5,5,2.75,0.76046,2.27774,0.13693733,0.26469573,0.59836694,wc_team_elo_baseline_june11.csv + deterministic Elo updates from wc_2026_results_through_june23.csv,wc_2026_results_through_june23.csv,https://www.fifa.com/en/tournaments/mens/worldcup/canadamexicousa2026/match-center,low,https://www.fifa.com/en/tournaments/mens/worldcup/canadamexicousa2026/match-center,Reliable post-opening-match updates were unavailable by the June 21 research cutoff.,Unavailable by the June 21 cutoff; later match reports were excluded.,Final-round qualification state depended on intervening matches and was unavailable by the cutoff.,Venue is documented in the canonical fixture file; reliable match-time weather was unavailable.,conditional_requires_rerun_after_intervening_matches
2026-06-26-cpv-ksa,2026-06-26T19:00:00-05:00,2026-06-27T00:00:00Z,CPV,KSA,1578.0,1576.0,1624.855,1591.76,2,2,2,1,0,-4,0.0,0.0,0.0,0.0,5,5,2.75,1.49873,1.28851,0.36757901,0.32860373,0.30381726,wc_team_elo_baseline_june11.csv + deterministic Elo updates from wc_2026_results_through_june23.csv,wc_2026_results_through_june23.csv,https://www.fifa.com/en/tournaments/mens/worldcup/canadamexicousa2026/match-center,low,https://www.fifa.com/en/tournaments/mens/worldcup/canadamexicousa2026/match-center,Reliable post-opening-match updates were unavailable by the June 21 research cutoff.,Unavailable by the June 21 cutoff; later match reports were excluded.,Final-round qualification state depended on intervening matches and was unavailable by the cutoff.,Venue is documented in the canonical fixture file; reliable match-time weather was unavailable.,conditional_requires_rerun_after_intervening_matches
2026-06-26-egy-irn,2026-06-26T22:00:00-05:00,2026-06-27T03:00:00Z,EGY,IRN,1696.0,1720.0,1739.408,1720.794,2,2,4,2,2,0,0.0,0.0,0.0,0.0,5,5,2.75,1.44436,1.32658,0.35104643,0.33357707,0.31537651,wc_team_elo_baseline_june11.csv + deterministic Elo updates from wc_2026_results_through_june23.csv,wc_2026_results_through_june23.csv,https://www.fifa.com/en/tournaments/mens/worldcup/canadamexicousa2026/match-center,low,https://www.fifa.com/en/tournaments/mens/worldcup/canadamexicousa2026/match-center,Reliable post-opening-match updates were unavailable by the June 21 research cutoff.,Unavailable by the June 21 cutoff; later match reports were excluded.,Final-round qualification state depended on intervening matches and was unavailable by the cutoff.,Venue is documented in the canonical fixture file; reliable match-time weather was unavailable.,conditional_requires_rerun_after_intervening_matches
2026-06-26-nzl-bel,2026-06-26T22:00:00-05:00,2026-06-27T03:00:00Z,NZL,BEL,1560.0,1894.0,1544.965,1864.832,2,2,1,2,-2,0,0.0,0.0,0.0,0.0,5,5,2.75,0.65555,2.4543,0.10228208,0.25285535,0.64486258,wc_team_elo_baseline_june11.csv + deterministic Elo updates from wc_2026_results_through_june23.csv,wc_2026_results_through_june23.csv,https://www.fifa.com/en/tournaments/mens/worldcup/canadamexicousa2026/match-center,low,https://www.fifa.com/en/tournaments/mens/worldcup/canadamexicousa2026/match-center,Reliable post-opening-match updates were unavailable by the June 21 research cutoff.,Unavailable by the June 21 cutoff; later match reports were excluded.,Final-round qualification state depended on intervening matches and was unavailable by the cutoff.,Venue is documented in the canonical fixture file; reliable match-time weather was unavailable.,conditional_requires_rerun_after_intervening_matches
2026-06-27-cro-gha,2026-06-27T16:00:00-05:00,2026-06-27T21:00:00Z,CRO,GHA,1825.0,1710.0,1818.512,1755.483,2,2,3,4,-1,1,0.0,0.0,0.0,0.0,4,4,2.75,1.61149,1.20942,0.40191755,0.31846602,0.27961642,wc_team_elo_baseline_june11.csv + deterministic Elo updates from wc_2026_results_through_june23.csv,wc_2026_results_through_june23.csv,https://www.fifa.com/en/tournaments/mens/worldcup/canadamexicousa2026/match-center,medium,https://www.fifa.com/en/tournaments/mens/worldcup/canadamexicousa2026/match-center | https://www.theguardian.com/football/2026/jun/21/thomas-partey-england-ghana-handshake | https://www.bavarianfootballworks.com/fifa-world-cup/218962/harry-kane-over-the-moon-to-reach-10-world-cup-goals-with-england | https://www.theguardian.com/football/2026/jun/01/world-cup-2026-stadium-guide,"Croatia lost 4-2 to England in their opener; Ghana beat Panama 1-0. Both had an intervening June 23 match after the cutoff, so form, cards and lineup developments entering June 27 were unavailable.",Croatia: no match-specific confirmed injury or suspension was found by the cutoff. Ghana: Thomas Partey missed the Canada-based opener because he was denied entry but was reported eligible for the June 23 match in the United States; his June 27 status was not a fitness issue but remained unavailable after the intervening game. Other injuries/suspensions: unavailable.,"Group L as of June 21: Ghana 3 pts, GD +1; Croatia 0 pts, GD -2. Ghana still had England and Croatia still had Panama on June 23, so the exact final-round qualification state was unavailable. This fixture could decide a top-two or best-third-place berth, but no precise points requirement was knowable.","Philadelphia Stadium is the open-air Lincoln Financial Field, with a 17:00 local kickoff. Late-June heat and thunderstorms can matter; a reliable match-time forecast was unavailable by the cutoff.",conditional_requires_rerun_after_intervening_matches
2026-06-27-pan-eng,2026-06-27T16:00:00-05:00,2026-06-27T21:00:00Z,PAN,ENG,1640.0,2024.0,1600.734,2024.271,2,2,0,4,-2,2,0.0,0.0,0.0,0.0,4,4,2.75,0.53339,2.69309,0.06109755,0.23927559,0.69962686,wc_team_elo_baseline_june11.csv + deterministic Elo updates from wc_2026_results_through_june23.csv,wc_2026_results_through_june23.csv,https://www.fifa.com/en/tournaments/mens/worldcup/canadamexicousa2026/match-center,high,https://www.fifa.com/en/tournaments/mens/worldcup/canadamexicousa2026/match-center | https://www.theguardian.com/football/2026/jun/21/england-declan-rice-hamstring-nerve-pain-arsenal-schedule-world-cup | https://www.theguardian.com/football/2026/jun/20/rashford-and-rice-give-england-boost-for-ghana-but-saka-set-for-bench-again | https://nypost.com/2026/06/16/sports/englands-tino-livramento-out-of-world-cup-in-injury-blow/ | https://www.theguardian.com/football/2026/jun/01/world-cup-2026-stadium-guide,"Panama lost 1-0 to Ghana in their opener. England beat Croatia 4-2, with Harry Kane scoring twice. Their June 23 second matches had not occurred by the cutoff, so final-round team news was unavailable.",England: Tino Livramento was ruled out of the tournament with a calf injury and replaced by Trevoh Chalobah. Bukayo Saka was managing an Achilles issue; Declan Rice said he was fit despite neural pain in his upper hamstring/lower back; Marcus Rashford had returned to training after a minor muscular issue. Panama injuries were unavailable. Suspensions for June 27 were unavailable because of the June 23 matches.,"Group L as of June 21: England 3 pts, GD +2; Panama 0 pts, GD -1. Both had June 23 matches, so England's qualification/rotation incentive and Panama's survival requirement for June 27 were unavailable at the cutoff.","New York New Jersey Stadium is the open-air MetLife Stadium in East Rutherford, with a 17:00 local kickoff. Heat, humidity and thunderstorms are relevant seasonal risks, but a reliable match-time forecast was unavailable by the cutoff.",conditional_requires_rerun_after_intervening_matches
2026-06-27-col-por,2026-06-27T18:30:00-05:00,2026-06-27T23:30:00Z,COL,POR,1855.0,1989.0,1891.266,1982.417,2,2,6,4,3,5,0.0,0.0,0.0,0.0,4,4,2.75,1.13566,1.71689,0.2567986,0.30922045,0.43398095,wc_team_elo_baseline_june11.csv + deterministic Elo updates from wc_2026_results_through_june23.csv,wc_2026_results_through_june23.csv,https://www.fifa.com/en/tournaments/mens/worldcup/canadamexicousa2026/match-center,medium,https://www.fifa.com/en/tournaments/mens/worldcup/canadamexicousa2026/match-center | https://www.tropicanafm.com/2026/jugador-de-la-seleccion-colombia-tuvo-dolorosa-perdida-en-pleno-mundial-juro-hacerte-sentir-orgulloso-468348.html | https://www.nypost.com/2026/06/10/sports/world-cup-2026-group-k-preview-prediction-odds-full-team-overviews/ | https://www.starsandstripesfc.com/copa-america/44201/2026-world-cup-group-k-preview | https://www.theguardian.com/football/2026/jun/01/world-cup-2026-stadium-guide,"Colombia beat Uzbekistan 3-1 in their opener; Portugal drew 1-1 with Congo DR. Colombia midfielder Juan Camilo Portilla suffered a family bereavement during camp, but the cited report did not say he left camp or was unavailable. Both teams had June 23 matches after the cutoff.","No match-specific confirmed injury or suspension for Colombia or Portugal was found by the cutoff. Portilla's bereavement is team news, not an injury, and his availability was unavailable. June 23 cards could create June 27 suspensions, so final suspension status was unavailable.","Group K as of June 21: Colombia 3 pts, GD +2; Portugal 1 pt, GD 0. Colombia still had Congo DR and Portugal had Uzbekistan on June 23, so the exact first-place, qualification and rotation implications for June 27 were unavailable.","Miami Stadium is the open-air Hard Rock Stadium in Miami Gardens, with a 19:30 local kickoff. Heat, humidity and thunderstorms are material risks; a reliable match-time forecast was unavailable by the cutoff.",conditional_requires_rerun_after_intervening_matches
2026-06-27-cod-uzb,2026-06-27T21:00:00-05:00,2026-06-28T02:00:00Z,COD,UZB,1635.0,1670.0,1644.89,1630.428,2,2,1,0,-1,-7,0.0,0.0,0.0,0.0,4,4,2.75,1.42883,1.33744,0.34632813,0.33500791,0.31866396,wc_team_elo_baseline_june11.csv + deterministic Elo updates from wc_2026_results_through_june23.csv,wc_2026_results_through_june23.csv,https://www.fifa.com/en/tournaments/mens/worldcup/canadamexicousa2026/match-center,medium-low,https://www.fifa.com/en/tournaments/mens/worldcup/canadamexicousa2026/match-center | https://www.nypost.com/2026/06/10/sports/world-cup-2026-group-k-preview-prediction-odds-full-team-overviews/ | https://www.starsandstripesfc.com/copa-america/44201/2026-world-cup-group-k-preview | https://www.fourfourtwo.com/team/uzbekistan-world-cup-2026-squad | https://www.theguardian.com/football/2026/jun/01/world-cup-2026-stadium-guide,"Congo DR drew 1-1 with Portugal in their opener; Uzbekistan lost 3-1 to Colombia in their first World Cup match. Both had intervening June 23 matches after the cutoff, so current final-round form and team news were unavailable.",No match-specific confirmed injury or suspension for Congo DR or Uzbekistan was found by the cutoff. June 23 cards could create June 27 suspensions; final suspension status was unavailable.,"Group K as of June 21: Congo DR 1 pt, GD 0; Uzbekistan 0 pts, GD -2. Both still had June 23 matches, so the exact June 27 qualification requirement was unavailable. The match could decide second place or a best-third-place route.","Atlanta Stadium is Mercedes-Benz Stadium, a retractable-roof, climate-controlled venue, with a 22:00 local kickoff. Roof status and a reliable external forecast were unavailable; a closed roof would limit direct heat and storm exposure.",conditional_requires_rerun_after_intervening_matches
2026-06-27-jor-arg,2026-06-27T21:00:00-05:00,2026-06-28T02:00:00Z,JOR,ARG,1680.0,2115.0,1632.175,2143.421,2,2,0,6,-3,5,0.0,0.0,0.0,0.0,5,5,2.75,0.46846,2.85669,0.03845293,0.2320168,0.72953027,wc_team_elo_baseline_june11.csv + deterministic Elo updates from wc_2026_results_through_june23.csv,wc_2026_results_through_june23.csv,https://www.fifa.com/en/tournaments/mens/worldcup/canadamexicousa2026/match-center,medium,https://www.fifa.com/en/tournaments/mens/worldcup/canadamexicousa2026/match-center | https://www.theguardian.com/football/live/2026/jun/17/fifa-world-cup-2026-live-austria-v-jordan-updates-aut-vs-jor-group-j-match-score-latest | https://www.starsandstripesfc.com/fifa-world-cup/44091/2026-world-cup-group-j-preview | https://www.fourfourtwo.com/team/argentina-world-cup-2026-squad | https://www.theguardian.com/football/2026/jun/01/world-cup-2026-stadium-guide,"Jordan lost 3-1 to Austria but generated four shots on target and Ali Olwan scored the country's first World Cup goal. Argentina beat Algeria 3-0. Both had June 22 second matches after the cutoff, making final-round form and team news unavailable.","Jordan: star striker Yazan Al-Naimat was reported out of the tournament through injury. Argentina: Cristian Romero had carried a recent injury into the squad, but his June 27 availability was unavailable. Suspensions were unavailable because the June 22 matches had not occurred.","Group J as of June 21: Argentina 3 pts, GD +3; Jordan 0 pts, GD -2. Argentina still had Austria and Jordan had Algeria on June 22, so the exact qualification and rotation state for June 27 was unavailable.","Dallas Stadium is AT&T Stadium in Arlington, a retractable-roof, climate-controlled venue, with a 21:00 local kickoff. Roof status and a reliable external forecast were unavailable by the cutoff.",conditional_requires_rerun_after_intervening_matches
2026-06-27-alg-aut,2026-06-27T21:00:00-05:00,2026-06-28T02:00:00Z,ALG,AUT,1772.0,1830.0,1780.329,1841.075,2,2,3,3,-2,0,0.0,0.0,0.0,0.0,5,5,2.75,1.21545,1.60289,0.28147054,0.31923021,0.39929925,wc_team_elo_baseline_june11.csv + deterministic Elo updates from wc_2026_results_through_june23.csv,wc_2026_results_through_june23.csv,https://www.fifa.com/en/tournaments/mens/worldcup/canadamexicousa2026/match-center,medium,https://www.fifa.com/en/tournaments/mens/worldcup/canadamexicousa2026/match-center | https://www.theguardian.com/football/live/2026/jun/17/fifa-world-cup-2026-live-austria-v-jordan-updates-aut-vs-jor-group-j-match-score-latest | https://www.starsandstripesfc.com/fifa-world-cup/44091/2026-world-cup-group-j-preview | https://www.theguardian.com/football/2026/jun/01/world-cup-2026-stadium-guide,"Algeria lost 3-0 to Argentina. Austria beat Jordan 3-1 after the match remained level until the 77th minute. Both had June 22 second matches after the cutoff, so later form, cards and availability were unavailable.",Austria: Christoph Baumgartner was reported before the tournament as missing through injury. Algeria: match-specific confirmed injury information was unavailable. Suspensions for June 27 were unavailable because the June 22 matches had not occurred.,"Group J as of June 21: Austria 3 pts, GD +2; Algeria 0 pts, GD -3. Austria still had Argentina and Algeria had Jordan on June 22, so the exact qualification requirement for this final fixture was unavailable.","Kansas City Stadium is the open-air Arrowhead Stadium, with a 21:00 local kickoff. Late-June heat, humidity and thunderstorms can matter; a reliable match-time forecast was unavailable by the cutoff.",conditional_requires_rerun_after_intervening_matches
