source_image,source_sha256,fixture_id,app,transcribed_selection_rows,inventory_status
IMG_7523.PNG,27805ab6312c44ceda3e1d6d2075c5538365bb5be54e40b0f02dc4f77d75130d,2026-06-22-arg-aut,Betsson,3,odds_transcribed
IMG_7525.PNG,054a4183e0abcf89ee7f281c73b07929bc1414b7b5f1a93eb11d2d4128136f05,2026-06-22-arg-aut,Betsson,0,reviewed_no_supported_row
IMG_7526.PNG,527c401d0096f741bb17ff41852d34fe2bef6432d894d2ab45d09714152f9db1,2026-06-22-arg-aut,Betsson,0,reviewed_no_supported_row
IMG_7527.PNG,55fca5276df9547aebd88ff0438c6233cdf19abb2c29d55f490f66af2f666948,2026-06-22-arg-aut,Betsson,0,reviewed_no_supported_row
IMG_7528.PNG,af18c5ff5f5aee79a008b236274a084538ec80eeb3dd1fd3597162025e4e7c6f,2026-06-22-arg-aut,Betsson,0,reviewed_no_supported_row
IMG_7529.PNG,0ce76a49456a799cef2f4772115d846721d5f4fc0d43c6b85d5cb6e3f5878825,2026-06-22-fra-irq,Betsson,3,odds_transcribed
IMG_7530.PNG,be09d779ea07d13d0164e0908f9e47fe047787368488609f7fb96df1a1160f06,2026-06-22-fra-irq,Betsson,0,reviewed_no_supported_row
IMG_7531.PNG,dd78e389098a27631c29b5f271053beb577c9335cc1a4e8a7ff376b795f7a111,2026-06-22-fra-irq,Betsson,0,reviewed_no_supported_row
IMG_7532.PNG,256d0f0340543cf06855b03c713d566f288415c562991c7fb321195b3489bb3a,2026-06-22-fra-irq,Betsson,0,reviewed_no_supported_row
IMG_7533.PNG,9d84659a733aeaae98f0b87bb0d218058863317ad2974538a5fed2642faed642,2026-06-22-nor-sen,Betsson,3,odds_transcribed
IMG_7534.PNG,ee7b9883d7d01948dffe72c1c30eae319e27d2f9843f8b0dd7ce85761a136067,2026-06-22-nor-sen,Betsson,0,reviewed_no_supported_row
IMG_7535.PNG,b5a621da0f33fe1aaa484e8cd55ed06fb25d47b3b9574c37acbdbd071b94cde3,2026-06-22-nor-sen,Betsson,0,reviewed_no_supported_row
IMG_7536.PNG,e9138a5051d42442743e62353a7c627f3edbfc6fc6c0402b75c67210c687720c,2026-06-22-nor-sen,Betsson,0,reviewed_no_supported_row
IMG_7537.PNG,0050afec82338869985b68ec0590d799fe45776692c30a056ced586f2b0def5a,2026-06-22-jor-alg,Betsson,3,odds_transcribed
IMG_7538.PNG,220d5aa6ad4a8337b7d5a4cc0b8baacbc5539a40e140552db16a8e654db5e25b,2026-06-22-jor-alg,Betsson,0,reviewed_no_supported_row
IMG_7539.PNG,302f09c6798997c21731dd3e481e742c46f91445ea50cd32c25bd879a37eba0b,2026-06-22-jor-alg,Betsson,0,reviewed_no_supported_row
IMG_7540.PNG,3351bdb7a7f8a6536b5b1e453563f18ac61933b6f008b63720f1d93e655e8d54,2026-06-22-jor-alg,Betsson,0,reviewed_no_supported_row
IMG_7541.PNG,83b6b5892e1c82bb385179ae35d2e3239aaf1fab33dcbc4f0f9b1a51f73f1804,2026-06-23-por-uzb,Betsson,3,odds_transcribed
IMG_7542.PNG,6e675a712326f5afed2d74b9532a2491713c0522844d75cfa3c7db9f02496000,2026-06-23-por-uzb,Betsson,0,reviewed_no_supported_row
IMG_7543.PNG,13fc0d054075421b56a9e68bd2dec5a0404202d412479f1c96cc011afdcb57e6,2026-06-23-por-uzb,Betsson,0,reviewed_no_supported_row
IMG_7544.PNG,478657c715e85609bde4a2c3e14eb7182df01a800ca796a549439941bde43f2a,2026-06-23-por-uzb,Betsson,0,reviewed_no_supported_row
IMG_7545.PNG,32786a7ef9c2039851806a24a007def1b9434a806832e3903a160647f15a71c6,2026-06-23-eng-gha,Betsson,3,odds_transcribed
IMG_7546.PNG,b2107e4ee2a0b40916f22b3a18e5939dcf70fe2cee4259650c1bc882000d0c00,2026-06-23-eng-gha,Betsson,0,reviewed_no_supported_row
IMG_7547.PNG,f425ec8ba804e0a9e5f0eca39410e99af28ad6bdf06473bf596447e8bf2830aa,2026-06-23-eng-gha,Betsson,0,reviewed_no_supported_row
IMG_7548.PNG,62f2f4a8286d3e53c3c38bcc73221c947077c995bf7d366556e0d0611110d5e7,2026-06-23-eng-gha,Betsson,0,reviewed_no_supported_row
IMG_7549.PNG,f3cf9196c3c8b0c29e802a722d65ff8037bef227dcb73d893a1fd8fafceeae6d,2026-06-23-pan-cro,Betsson,3,odds_transcribed
IMG_7550.PNG,d60589616815284465edd7324a0c5f997ab26ca7bdd2f45b3a2aa7c36ebd6762,2026-06-23-pan-cro,Betsson,0,reviewed_no_supported_row
IMG_7551.PNG,c5d008d96b6ba06c4f6dc85f5d54e9f3ea02db655621b9b0cfc601cf3d573388,2026-06-23-pan-cro,Betsson,0,reviewed_no_supported_row
IMG_7552.PNG,fb00e1103d62e4d7f00b5228263d09bdd298b8bac7d26ad0688fe612dd84226a,2026-06-23-col-cod,Betsson,3,odds_transcribed
IMG_7553.PNG,86851046b8abb1937ebe3c36b833fab03b4d10e1affb51a678b71bf94264be0d,2026-06-23-col-cod,Betsson,0,reviewed_no_supported_row
IMG_7554.PNG,df4faa9e304e3a568fe4eb4f76ee4514b4b0815406e05922904e13720c7dd14b,2026-06-23-col-cod,Betsson,0,reviewed_no_supported_row
IMG_7555.PNG,0c513c412c8ca83a1d6ce75c40d201635f23a30218782a31d6918a246ab91934,2026-06-23-col-cod,Betsson,0,reviewed_no_supported_row
IMG_7556.PNG,94fb4fd01b23700c7247ac5f7c048200fccbf8df369773486b8212e4aea7d389,2026-06-24-bih-qat,Betsson,6,odds_transcribed
IMG_7557.PNG,aa5c2d7bb40226c16e3ab8b3f4fc883e624b89fe8d818ed775c8e32d106e8802,2026-06-24-bih-qat,Betsson,16,odds_transcribed
IMG_7558.PNG,38511476efa82c4f9dd8e6e1a758e0e5fb8f5160b732b892711c153693c58769,2026-06-24-bih-qat,Betsson,15,odds_transcribed
IMG_7559.PNG,19d3e0b4cd0f29004cf04b422435c0457a6286f1427524b5bd0d80557123dcb7,2026-06-24-sui-can,Betsson,6,odds_transcribed
IMG_7560.PNG,35555a8f1c8cab311e52458d18725f95c51f9acfbef4ae5a3a2b9c5e5eb0bfdf,2026-06-24-sui-can,Betsson,14,odds_transcribed
IMG_7561.PNG,9511a3b407cf10d09421c21119119569bc07d7dbf2b586ecc93708ef7fd40eeb,2026-06-24-sui-can,Betsson,15,odds_transcribed
IMG_7562.PNG,f29bc0013fccd257bff6c9ef12ba4e684fc52464cb979a0700040f0d09557f9e,2026-06-24-sco-bra,Betsson,6,odds_transcribed
IMG_7563.PNG,97bb0a71111399855fa342c317fe2b522a1c1a0ac688340c7e7346cfb51d6f96,2026-06-24-sco-bra,Betsson,16,odds_transcribed
IMG_7564.PNG,c448b286cce1f5264153cbf91af94712bdfc700a5eacc8fb1e79a785e14b6e51,2026-06-24-sco-bra,Betsson,15,odds_transcribed
IMG_7565.PNG,e81f2676fc5c040db8bdbca6b5d6de5914606a70fe7a68d54f57194b0957772e,2026-06-24-mar-hai,Betsson,10,odds_transcribed
IMG_7566.PNG,9639c6dbb5a260deaeda7eea05b97044702ea8e2b223a7b2f755cad792b039de,2026-06-24-mar-hai,Betsson,14,odds_transcribed
IMG_7567.PNG,099c13cb09a6760c8111f0b326868f550e674e6c70f6b252ac62ce3a88a45dad,2026-06-24-mar-hai,Betsson,15,odds_transcribed
IMG_7568.PNG,a6b6710e93805ece0e8a025df684cde9ee4bc08145ae075705da8fe3de3b4536,2026-06-24-rsa-kor,Betsson,8,odds_transcribed
IMG_7569.PNG,b3cde7c16d270c334fa9f6a6dcf420b2429cfead1f088e343d55762fa2ddd2fc,2026-06-24-rsa-kor,Betsson,14,odds_transcribed
IMG_7570.PNG,cc35e92f554ccf7fca6073b98c624ef9411358e3b56c4b8d4e3417da23c1448b,2026-06-24-rsa-kor,Betsson,15,odds_transcribed
IMG_7571.PNG,3d281f212703d7f7e2d27797b475d73aaa00a8309ff32a7b7234bab096d26c49,2026-06-24-cze-mex,Betsson,6,odds_transcribed
IMG_7572.PNG,47e3025aa00ba2f944d44118a0b6201dfd49945e7a6f87d43f2db9d9f17e5d10,2026-06-24-cze-mex,Betsson,14,odds_transcribed
IMG_7573.PNG,9a3e3afc540f6ad58b8a40fe8ee03274c73faddaeafad8a8169da109a2a9b793,2026-06-24-cze-mex,Betsson,15,odds_transcribed
IMG_7574.PNG,24445c17eeb8eaa2e0f67b2f8aaa97658cb8dc0b5225580348b1d8d3a8b48a07,2026-06-25-ecu-ger,Betsson,3,odds_transcribed
IMG_7575.PNG,79e683e76eac0104b19a4bd72a96a2e44eef98c350ade6670c8185ef9a47940f,2026-06-25-ecu-ger,Betsson,0,reviewed_no_supported_row
IMG_7576.PNG,ada260e064a98cc32988df2c7d2df73a763dc1d757ba8efb7836a6bcc731fc9d,2026-06-25-ecu-ger,Betsson,0,reviewed_no_supported_row
IMG_7577.PNG,68bad4e8021a54f6997082f1c37c92a92349fad2c6a8dc11c1add180a85fc51f,2026-06-25-ecu-ger,Betsson,0,reviewed_no_supported_row
IMG_7578.PNG,c6e325a0c2c829f84b01c579de61a8c7643ed2f66e4aaf7f9ac1e822c3bb301d,2026-06-25-cur-civ,Betsson,3,odds_transcribed
IMG_7579.PNG,170d323880fd28e9cb3eca86017ef44b626a38e8f36c7988790316681e41f1ff,2026-06-25-cur-civ,Betsson,0,reviewed_no_supported_row
IMG_7580.PNG,ea7b33898efb42c292e45a1a8a934aa68e8926fda1be3a39fcf06be348118671,2026-06-25-cur-civ,Betsson,0,reviewed_no_supported_row
IMG_7581.PNG,60f750bd75d20e6b3a983352c5f0eb6150327b2187b6657d0ab53a89a7f8724b,2026-06-25-cur-civ,Betsson,0,reviewed_no_supported_row
IMG_7582.PNG,376f4b70de6283860f9ac8c3709a0b379fdbc529c1b9f567c6dc574bf662c10d,2026-06-25-tun-ned,Betsson,3,odds_transcribed
IMG_7583.PNG,7dd2eddbf4ccd823816a1f711248ad3a64972fd61b277372a2b80ed0107cd623,2026-06-25-tun-ned,Betsson,0,reviewed_no_supported_row
IMG_7584.PNG,e2a70de764762afeea4de8ad47d4d91786f5a03cc98b08afffcb00d5baa6a28d,2026-06-25-tun-ned,Betsson,0,reviewed_no_supported_row
IMG_7585.PNG,55bae3264cb607636756505a0d8fc8f6047a69f3baac3e4239a881676d47f21a,2026-06-25-tun-ned,Betsson,0,reviewed_no_supported_row
IMG_7586.PNG,ed73c40ca93f4da0258424ba807578f03600afb69baeefa5cadc7bfeabc1e75e,2026-06-25-jpn-swe,Betsson,3,odds_transcribed
IMG_7587.PNG,a76f8b128b8f3b987e18467a9b5873c9a69590df89306d7abdbbaf038fa8c240,2026-06-25-jpn-swe,Betsson,0,reviewed_no_supported_row
IMG_7589.PNG,6246c34fe79c33faa4ddb63c724ab31fe19ed83f3e942db6fea32847549ed266,2026-06-25-par-aus,Betsson,3,odds_transcribed
IMG_7590.PNG,b145112accd8487d1b42509779a3928f099a1bc865a46fa0ad721f0d9d532f73,2026-06-25-par-aus,Betsson,0,reviewed_no_supported_row
IMG_7591.PNG,85cae337a99cde7566d9b5f2a1afb191102c84f20fe6f26aa99dcc5ae01cb091,2026-06-25-par-aus,Betsson,0,reviewed_no_supported_row
IMG_7592.PNG,c0abff75c968cedea866d0ab6f58c24dcb547285ddafa50348af1c943250fff6,2026-06-25-tur-usa,Betsson,3,odds_transcribed
IMG_7593.PNG,8d28714f98d4c440abe82d7a2a2fa77b8e846ded1cce8bc35da0078f206064db,2026-06-25-tur-usa,Betsson,0,reviewed_no_supported_row
IMG_7594.PNG,26432056d0e7a93bcea0adcb2d498822eac57ba71039cf3ee7e49149665d4e58,2026-06-25-tur-usa,Betsson,0,reviewed_no_supported_row
IMG_7595.PNG,13afed4fc17a80e1a9c9b80a36e091efd20de5b04d2c5597072c4036d603148f,2026-06-26-nor-fra,Betsson,3,odds_transcribed
IMG_7596.PNG,c09b55b427764a0352f9159b2e3bee3126f2ce5c74c1dab49d038f0074e22db9,2026-06-26-nor-fra,Betsson,0,reviewed_no_supported_row
IMG_7597.PNG,f0642a81e569d763db94ccb194e48e1d808a64ec0cb98de045005fadd2c5cc00,2026-06-26-nor-fra,Betsson,0,reviewed_no_supported_row
IMG_7598.PNG,af29c71f5baf16a1e2dca531a20007b1e396c5f0d72eb5b116004a234fb7fe55,2026-06-26-sen-irq,Betsson,3,odds_transcribed
IMG_7599.PNG,170011d14f2f60060c3e66c57d7715b284a317d45140e8f3df6612ae7d0a0d2f,2026-06-26-sen-irq,Betsson,0,reviewed_no_supported_row
IMG_7600.PNG,5b64ed717f4468cdf26f02e866c985d9f30fc47ee5bee40773dc0149f19f64cd,2026-06-26-sen-irq,Betsson,0,reviewed_no_supported_row
IMG_7601.PNG,89ae0102a598d962aa9df1524397bfdb9804d5c45668cafe1e3978d265ccc780,2026-06-26-cpv-ksa,Betsson,3,odds_transcribed
IMG_7602.PNG,5e21c8b7f788a1ed96cf507b66d80b214c0ae3755ac57046f89d7c6f0b9e37da,2026-06-26-cpv-ksa,Betsson,0,reviewed_no_supported_row
IMG_7603.PNG,662e4021ee125f1680768a8063859aa1694ba14f2cf20393083fb32701606251,2026-06-26-cpv-ksa,Betsson,0,reviewed_no_supported_row
IMG_7604.PNG,101454a684d270657b5185a563f4c680962fee77d79fcd0d62d1a259933fb2f8,2026-06-26-uru-esp,Betsson,3,odds_transcribed
IMG_7605.PNG,ea35d492430b79314e7cdbec6d652907b9188ae9f717628c0f9847c6e45ce914,2026-06-26-uru-esp,Betsson,0,reviewed_no_supported_row
IMG_7606.PNG,62f9249c336cbace846d97ed6d292d3920732b1cf461bfbb2f7005f657ef9457,2026-06-26-uru-esp,Betsson,0,reviewed_no_supported_row
IMG_7607.PNG,b33864d2d7056cb9d99e1df5c6b8aec544a3c5fd43637afb44a19f0377208231,2026-06-26-uru-esp,Betsson,0,reviewed_no_supported_row
IMG_7608.PNG,0059344a099c74e76bad33596a821a596916a19bcf51036602353a68348ea98e,2026-06-26-egy-irn,Betsson,3,odds_transcribed
IMG_7609.PNG,ceab1a48695a82b8c9436802de7377781a0b92853c8e7d25d4f0f7f7bae05956,2026-06-26-egy-irn,Betsson,0,reviewed_no_supported_row
IMG_7610.PNG,f642094c38b425299db43b1f2b92a3cf43f864856e59f7e1d996c3010a1170ae,2026-06-26-egy-irn,Betsson,0,reviewed_no_supported_row
IMG_7611.PNG,b5be6ba05e46bd44237f76029c06935e7ab6c0eb84656c8330d3e0e89ce940a7,2026-06-26-nzl-bel,Betsson,3,odds_transcribed
IMG_7612.PNG,c1b18d9152f921bdec12b0d8d596f9916a1eeb33445101ac5d5bd8362a729944,2026-06-26-nzl-bel,Betsson,0,reviewed_no_supported_row
IMG_7613.PNG,bef9f1d9f963f38076d7ea3e73563701579996c91a8f1c545deb6cbe32af5d56,2026-06-26-nzl-bel,Betsson,0,reviewed_no_supported_row
IMG_7614.PNG,f9546401c11ce3b0e5eb3388c641deeb35d3a2e2ff5a71894fc8356f771d0389,2026-06-26-nzl-bel,Betsson,0,reviewed_no_supported_row
IMG_7615.PNG,aef977d88f6825a9008f6ebe047e869a24ebde08cfdc41cb51361f0e4f1d02a1,2026-06-22-arg-aut,Betano,0,reviewed_no_supported_row
IMG_7616.PNG,e637dc6de4df417818d50fa2787b4f28e21b8a714f9759a8b41e3319fb18cfb2,2026-06-22-arg-aut,Betano,0,reviewed_no_supported_row
IMG_7617.PNG,901dc73b4b542432764f275351509a15679981470c4aa29e46521748950696fc,2026-06-22-arg-aut,Betano,0,reviewed_no_supported_row
IMG_7618.PNG,129bc17effe8ab9ce38a531651f36e82bf2eb956285d681df4deb1b944cd2d8f,2026-06-22-arg-aut,Betano,0,reviewed_no_supported_row
IMG_7619.PNG,b7717804d4f56c4e0476255de9f78c4f888bace15430df28836890df63f5abbb,2026-06-22-fra-irq,Betano,0,reviewed_no_supported_row
IMG_7620.PNG,a9d6e8fe2b14c2898ce64f7362d795e1d4644b3b3db3a9fab7da4b64512fa850,2026-06-22-fra-irq,Betano,0,reviewed_no_supported_row
IMG_7621.PNG,3708c76abb47be30c998d2e7a2ac9d097c59d9d1aa6410a2df2746598bed89cc,2026-06-22-fra-irq,Betano,0,reviewed_no_supported_row
IMG_7622.PNG,9b2f5ed6750c3b1c9b52f051f7db3bb6606b1a9c6163dfa85e34e2f9d5aac281,2026-06-22-fra-irq,Betano,0,reviewed_no_supported_row
IMG_7623.PNG,a0bcd9a10b38857cb6db5460d6867eddbaf87813d3691519e88a5b29ea33d4ed,2026-06-22-fra-irq,Betano,0,reviewed_no_supported_row
IMG_7624.PNG,111bb4c7dedeb55a7943da6a7c8f1432f0607137f2897a18dc73ea62ecf1b00e,2026-06-22-nor-sen,Betano,0,reviewed_no_supported_row
IMG_7625.PNG,992e89142ab9f5180f6b080e4a818c9d6c2417c08c786d365836a76909b7140e,2026-06-22-nor-sen,Betano,0,reviewed_no_supported_row
IMG_7626.PNG,94a4086382ee553af397f293a0b25100020cf7eb311ef2bf3f79d941f3c8a5d3,2026-06-22-nor-sen,Betano,0,reviewed_no_supported_row
IMG_7627.PNG,48b3c038a3088c1c2930eb50b6c6ae111cd0f11bc1ebc070e505a25b558db2fe,2026-06-22-nor-sen,Betano,0,reviewed_no_supported_row
IMG_7628.PNG,23d38ed1953414e69879f026c374b3cdffbbcc67793ac80aebb6273c2aa6ca7f,2026-06-22-nor-sen,Betano,0,reviewed_no_supported_row
IMG_7629.PNG,daf199b364cab37cc0c80d5e647edc5b7de166f31eaa12b6ad79fa8d5554c498,2026-06-22-jor-alg,Betano,0,reviewed_no_supported_row
IMG_7630.PNG,32f2d061b5bbf63644037d708ceea978b006c140636211517fb341723f1eb164,2026-06-22-jor-alg,Betano,0,reviewed_no_supported_row
IMG_7631.PNG,7d8225036df145bb1e58c7b6bcee003e106eff787e7515fa5b52c3ca1b5892d3,2026-06-22-jor-alg,Betano,0,reviewed_no_supported_row
IMG_7632.PNG,4728b1d0fe6c75d61ac285292fb3fdba555d8a3d32ffdafbaf9601e1bdfa640a,2026-06-22-jor-alg,Betano,0,reviewed_no_supported_row
IMG_7633.PNG,aabd014714d11d56a9f77ef527e56b7b718b813f470f81ec9f6467f23784a088,2026-06-22-jor-alg,Betano,0,reviewed_no_supported_row
IMG_7634.PNG,4663e2ed181ce411a759016b5382850d45d186add7c724f863e805cca8039100,2026-06-23-por-uzb,Betano,0,reviewed_no_supported_row
IMG_7635.PNG,d7331eee85e899556f768e6608bfae1436099e7c6a034c9596f06c17430c83e6,2026-06-23-por-uzb,Betano,0,reviewed_no_supported_row
IMG_7636.PNG,cb376566510f34e65a2e96de65163eb49d0d17e80c3eb6a6d1f77beb439743cc,2026-06-23-por-uzb,Betano,0,reviewed_no_supported_row
IMG_7637.PNG,573cb1ed0440575c69b6878c2c64e3903c1a41ce1b0048b62603e03f89f3df40,2026-06-23-por-uzb,Betano,0,reviewed_no_supported_row
IMG_7638.PNG,434db5dc0e6d952a4295cdcdd264de4c6a82814447aad9d0c2afbda9d1ce6eef,2026-06-23-eng-gha,Betano,0,reviewed_no_supported_row
IMG_7639.PNG,f1feced64cbca358fe7bf51b92ea1135077266eeef764e2de796f8893c73239e,2026-06-23-eng-gha,Betano,0,reviewed_no_supported_row
IMG_7640.PNG,e78cd6e0e295df6e11ba8e78312e5d1210113f35e2086b11c361c7e78dfd7d17,2026-06-23-eng-gha,Betano,0,reviewed_no_supported_row
IMG_7641.PNG,4bf58a83f3ea8a205abd92665622c8fe222ac59bda3937aebc762f43b5c715bf,2026-06-23-eng-gha,Betano,0,reviewed_no_supported_row
IMG_7642.PNG,1dd1f0dd2d84aa54a50574e6728dd4501ea16c78c3bfb662c87e7fc03b557cdb,2026-06-23-eng-gha,Betano,0,reviewed_no_supported_row
IMG_7643.PNG,5573d0ecd562551a6c679469fe35e2f768ce1eca91d3b0df1d73409ef9c6c4aa,2026-06-23-pan-cro,Betano,0,reviewed_no_supported_row
IMG_7644.PNG,d4d1435c5502283fcb328924dc21ca55c3dfc6b6405626a1bb83769661390576,2026-06-23-pan-cro,Betano,0,reviewed_no_supported_row
IMG_7645.PNG,0e2ca3b32e8bd870b4fe30dde4cef876c59da6e05d73add40c4de7f926613037,2026-06-23-pan-cro,Betano,0,reviewed_no_supported_row
IMG_7646.PNG,96fb05be63fba6fd91fa9375086ae0b974708401850309be0ee3c32d8e01db51,2026-06-23-pan-cro,Betano,0,reviewed_no_supported_row
IMG_7647.PNG,a723510ebbe35915bb38d10e2e4e71cfee74829acb2ed3208879c64790f76ff5,2026-06-23-pan-cro,Betano,0,reviewed_no_supported_row
IMG_7648.PNG,176e080042db61f5c3745a9c08cb044066bbdf48f69654bf0f88d8ba24543422,2026-06-23-col-cod,Betano,0,reviewed_no_supported_row
IMG_7649.PNG,a3d7b279a63e1e60260ca686bd09e98788eadda68a83c185e7170cbc0167c026,2026-06-23-col-cod,Betano,0,reviewed_no_supported_row
IMG_7650.PNG,f3b157ebfcb28ef659b3d438417413bc2ad7970b8e39f9da8393172e2e0dc8f0,2026-06-23-col-cod,Betano,0,reviewed_no_supported_row
IMG_7651.PNG,9645b62bdc550c440b7fb066f75dee275b4370e0d3e460731ce9bc07ccff94c2,2026-06-23-col-cod,Betano,0,reviewed_no_supported_row
IMG_7652.PNG,038925743c0b66c80ae5e69876d6c6bd41c2493c34ff13f0eebf8f83637de9d2,2026-06-23-col-cod,Betano,0,reviewed_no_supported_row
IMG_7653.PNG,f3f90f9b4b5526f96b32b510fa19d48d13b7fe705deb6818be1fb59c95cab15e,2026-06-24-sui-can,Betano,6,odds_transcribed
IMG_7654.PNG,da9b767c71d3bb02c94bd15fae8c6b1ab5130500cfaff64569cb82a6ade99380,2026-06-24-sui-can,Betano,15,odds_transcribed
IMG_7655.PNG,360be4376cb7f75f4b43066b38480832d0ea1bad18aca3e0c043638e960e3e94,2026-06-24-sui-can,Betano,5,odds_transcribed
IMG_7656.PNG,2546363de2643696f6d8d32aaf4012521df7dc7ede934025341899eace186a26,2026-06-24-sui-can,Betano,18,odds_transcribed
IMG_7657.PNG,714ec4965d52db7fe892b63ca5b317577903da7deeeb916645617abcd44ad080,2026-06-24-bih-qat,Betano,6,odds_transcribed
IMG_7658.PNG,23cd3053288a0d61b36931451b9f0d7269dcdaddc9eb1df36538b3bd6ab30468,2026-06-24-bih-qat,Betano,15,odds_transcribed
IMG_7659.PNG,b3e42329bd4d0d78d80fe8777c26d98314fa9a42fa222b998dfc9946281d7043,2026-06-24-bih-qat,Betano,5,odds_transcribed
IMG_7660.PNG,0fcc58e07c01ad60f0b57bff9291909255d2d585dd5db7437601b9b8c1401fd5,2026-06-24-bih-qat,Betano,18,odds_transcribed
IMG_7661.PNG,299a67ee24dd0212a79b5bb7848ceb2fce629a5defc43ad192174eb754306dac,2026-06-24-sco-bra,Betano,8,odds_transcribed
IMG_7662.PNG,8f5a96b72dc700b0f62faa4705202321ab4926770397d57cb788a2a9985016c5,2026-06-24-sco-bra,Betano,10,odds_transcribed
IMG_7663.PNG,c012bebd3b28e97820114b7d17bb776cf2aba11bd0a7731039eb5304da4f47b8,2026-06-24-sco-bra,Betano,5,odds_transcribed
IMG_7664.PNG,c9eee07749b25671c0e70bbf8108cd6139451713a3d96dddf2713790f7f3cc68,2026-06-24-sco-bra,Betano,18,odds_transcribed
IMG_7665.PNG,d5838dac258224c999a038f520817735e3d8966a317481cca004be70cb730672,2026-06-24-mar-hai,Betano,8,odds_transcribed
IMG_7666.PNG,c9e28057cd8f496befb377fb969ca6ad20f8d3646ba5b31a2b06df25a6bbc895,2026-06-24-mar-hai,Betano,10,odds_transcribed
IMG_7667.PNG,b34fad5bf9e8f8ca172631c939630e7aab21452eac1573675736c718a8c7e6d1,2026-06-24-mar-hai,Betano,4,odds_transcribed
IMG_7668.PNG,f2a1cac3500bee620deac11702e3fac1f10967b3ceec2dfa155b6dec107c29ed,2026-06-24-mar-hai,Betano,22,odds_transcribed
IMG_7669.PNG,bad31435fe3d6595979a36bc2e17886db7757b1a39350ebb7afc351e70d54d48,2026-06-24-rsa-kor,Betano,6,odds_transcribed
IMG_7670.PNG,b2ca51dfbc90a15a10a0b862d476b71d3021bebbe25a4dbbcec9dc962d6564bb,2026-06-24-rsa-kor,Betano,15,odds_transcribed
IMG_7671.PNG,69dbca8fc6041727ece34a4bf10c13c03e5ab94680ea704d5b855993d1e3a78c,2026-06-24-rsa-kor,Betano,5,odds_transcribed
IMG_7672.PNG,c8d10a4b4c74e794928b3b660ad42c1c97d5fd327438725b4ed0969c91ae18bf,2026-06-24-rsa-kor,Betano,18,odds_transcribed
IMG_7673.PNG,d797386f4568f52695d03aaaa118b876c26115364ed695828029334251b53625,2026-06-24-cze-mex,Betano,4,odds_transcribed
IMG_7675.PNG,547440b590586a047fd690f032eabd27d1b89b0e1e19976217d28a393114ea0c,2026-06-24-cze-mex,Betano,16,odds_transcribed
IMG_7676.PNG,75f531fedcb55f1173e743c32b76ef38a311b3cf28aada5b2f983bc49f06d316,2026-06-24-cze-mex,Betano,5,odds_transcribed
IMG_7677.PNG,c033c3f01d96445f16b7f3b833ec391add0f6be405afba92baf463d6fc210fce,2026-06-24-cze-mex,Betano,18,odds_transcribed
IMG_7681.PNG,19a7e05d4097e0ca3a6a2abccb66d1ccbf6cefea769b0552190d1652242f3f61,2026-06-24-sui-can,Betano,0,reviewed_no_supported_row
IMG_7682.PNG,50f6fad43d2ef520dcf3f8345276cdae6c9ba2677170c2d6eed02459073a960e,2026-06-25-ecu-ger,Betano,0,reviewed_no_supported_row
IMG_7683.PNG,d0433e1432c37720e57a184e6440a0a9b9f642d2a7534541a6e57bf814cec20a,2026-06-25-ecu-ger,Betano,0,reviewed_no_supported_row
IMG_7684.PNG,80dd248d8c78703a233d2b7c62a1f738f96bd77e0ad70c0db4c144830ac8546c,2026-06-25-ecu-ger,Betano,0,reviewed_no_supported_row
IMG_7685.PNG,9a65a9f4d879e9f27297871abd2bd6902011f59c131358248f81a2520354015d,2026-06-25-ecu-ger,Betano,0,reviewed_no_supported_row
IMG_7686.PNG,01b061ddfb338b296aadf4289f0589fa13ec0ee84d27db88d8f8e340d5038470,2026-06-25-cur-civ,Betano,0,reviewed_no_supported_row
IMG_7687.PNG,4e6678073e31ab87f71b3ac2bfb3601702eb32ab95f16f91210d78df40763ded,2026-06-25-cur-civ,Betano,0,reviewed_no_supported_row
IMG_7688.PNG,dadbb077fddc1375d7b99010832b7b15dbdec2c6ebfe1a39b6c49be6af831cde,2026-06-25-cur-civ,Betano,0,reviewed_no_supported_row
IMG_7690.PNG,c4e1e8c2f38480b36cc60982807754b34f0daec6347a55538425ea135ac6f799,2026-06-25-tun-ned,Betano,0,reviewed_no_supported_row
IMG_7691.PNG,f652ef4b18839930249d11aa5a4c6b4ecf4661a78f44951535644f2c8c60ba45,2026-06-25-tun-ned,Betano,0,reviewed_no_supported_row
IMG_7692.PNG,327c004a8f0c88f3adfbe6a49dc0aa22927233d2f29f02222d722d6ca6c55e59,2026-06-25-tun-ned,Betano,0,reviewed_no_supported_row
IMG_7693.PNG,aebb9c8939bd25fdef665b5621af2fc1ee8e85acb5914aa05c5b753822561e58,2026-06-25-tun-ned,Betano,0,reviewed_no_supported_row
IMG_7694.PNG,6cdf59c9ad4a58ba3eb6f7326e4a2fd2a5ded699aad35fc9ba04dc8f01dc7f50,2026-06-25-jpn-swe,Betano,0,reviewed_no_supported_row
IMG_7695.PNG,18e3195ab1dfa9abff58fc10d1f646c6ca0229c9ccb59c2bc9e9e5daab0b91ba,2026-06-25-jpn-swe,Betano,0,reviewed_no_supported_row
IMG_7696.PNG,a1b9ea77cbb4042e9f41c3bfebddd60d9672cb5c2a3ab76ece68a146699c9f34,2026-06-25-jpn-swe,Betano,0,reviewed_no_supported_row
IMG_7697.PNG,fdd724448af76a887987acb75632c5cadb7e4bfbda8ee6d3c0245afdea6e4b5b,2026-06-25-jpn-swe,Betano,0,reviewed_no_supported_row
IMG_7698.PNG,63c7dd6ab37d5d1d8c299069e32a9447b35cf4436ac8d28909cf4582565fb77e,2026-06-25-par-aus,Betano,0,reviewed_no_supported_row
IMG_7699.PNG,d635342f79a1061beb24aff68fa4fbee91588bf859c29822a91c9dee1ec84063,2026-06-25-par-aus,Betano,0,reviewed_no_supported_row
IMG_7700.PNG,0c7ccd1e44832d16ef730430d76cae441c1f7249e4280a7eb4959271f79266a2,2026-06-25-par-aus,Betano,0,reviewed_no_supported_row
IMG_7701.PNG,5212170eb0b3e92622e01d57910558f19ae554010e7dd1bdf3c5b1956adfd9e5,2026-06-25-par-aus,Betano,0,reviewed_no_supported_row
IMG_7702.PNG,e24a6df27615c9a9945c440bfc6fb75a45a76f47606956e71ee6522115fe81f7,2026-06-25-tur-usa,Betano,0,reviewed_no_supported_row
IMG_7703.PNG,83a8e4b7cd2f123a627c56d63cf6c30471f2a7122cd761ab0e6a696bd7549e4d,2026-06-25-tur-usa,Betano,0,reviewed_no_supported_row
IMG_7704.PNG,1b7e9df42add0f94f25929fb0307babbf53b88f4ca4470ba40992f7426ec6091,2026-06-25-tur-usa,Betano,0,reviewed_no_supported_row
IMG_7705.PNG,b172f04705f751203a1010f913a85a21e5f99df311bfb3130da90a26213b48ba,2026-06-25-tur-usa,Betano,0,reviewed_no_supported_row
IMG_7706.PNG,439f4bd0e90f39aed0da41f072eaaca79aa2031df552f9ae2fe72d125bf6dc64,2026-06-26-nor-fra,Betano,0,reviewed_no_supported_row
IMG_7707.PNG,14cfdd01b9ee4bfa5706cb245eba62d03968b5375a9d190e7436b52d85b3026e,2026-06-26-nor-fra,Betano,0,reviewed_no_supported_row
IMG_7708.PNG,8b7e41733a3b62528c80e6cbf200931ced24feef79064f83946cab46c26c72cd,2026-06-26-nor-fra,Betano,0,reviewed_no_supported_row
IMG_7709.PNG,3da52f7134b8b098cb52fbd7a111b66ed66ffd346899f9a919f66e20f6df9269,2026-06-26-nor-fra,Betano,0,reviewed_no_supported_row
IMG_7710.PNG,c82285ae1804283b7dd8b44d37ee246d5b8f192e0929cd4b413b0c0350e4d501,2026-06-26-sen-irq,Betano,0,reviewed_no_supported_row
IMG_7711.PNG,61f0ca08718b557430632440d96e833ef0bdcd15384d9c226fefbd8ad51effa0,2026-06-26-sen-irq,Betano,0,reviewed_no_supported_row
IMG_7712.PNG,4f70d417c27b7a9663d6b7a2e12c44d62e92fc2df73f7eb801d64b22a6559302,2026-06-26-sen-irq,Betano,0,reviewed_no_supported_row
IMG_7713.PNG,22eca4a76ef8d3611171350654a038074cae575b86aa7f2b8f2039c6758cfde6,2026-06-26-sen-irq,Betano,0,reviewed_no_supported_row
IMG_7714.PNG,33d5b23120506000305ecfa60706f903d196c97da7aebc0ef9eccf2120300d45,2026-06-26-uru-esp,Betano,0,reviewed_no_supported_row
IMG_7715.PNG,801e8b52efc2486cdd9f4c6933c2b4b02c476152582f274805e4b2e491f0fe60,2026-06-26-uru-esp,Betano,0,reviewed_no_supported_row
IMG_7716.PNG,d2b22725e10e67fff89a84dc20fe9858057d4fa4a036e61b3b31914d00b5b86b,2026-06-26-uru-esp,Betano,0,reviewed_no_supported_row
IMG_7717.PNG,47d4fed356ab0f115be818741506e29ccae64251e878945ffb438831a1d84e30,2026-06-26-uru-esp,Betano,0,reviewed_no_supported_row
IMG_7718.PNG,c65bf299383c2fadcdd045121377e32befba34bcb0d537e5f38cc0866d747b8a,2026-06-26-cpv-ksa,Betano,0,reviewed_no_supported_row
IMG_7719.PNG,28324bcf95f5dfa0899c0644dd0c1475acaced3f45ceac240da7ee6629178de8,2026-06-26-cpv-ksa,Betano,0,reviewed_no_supported_row
IMG_7720.PNG,e4629a6cda929d6d01c3226d9957a9148196bc7a638c2d480a83bf329c74b27a,2026-06-26-cpv-ksa,Betano,0,reviewed_no_supported_row
IMG_7721.PNG,8b760e4d9b944edc237d378c87b4b627937fb7f45fdb8492391075807f4b0eae,2026-06-26-cpv-ksa,Betano,0,reviewed_no_supported_row
IMG_7722.PNG,57224569e8aaff212aaeb08e44af3e358e76f36c63520b45951daad930260d79,2026-06-27-cro-gha,Betano,8,odds_transcribed
IMG_7723.PNG,7371440a7a556c0dd6f1e52f17a3d4108f391e7570fdf6a052c50c96267646ee,2026-06-27-cro-gha,Betano,10,odds_transcribed
IMG_7724.PNG,15bcda60ab7b723cc34d7845fd5a897b7ebc3915d8471b8b6a7ffaacd72c350f,2026-06-27-cro-gha,Betano,5,odds_transcribed
IMG_7725.PNG,6649c83f373e08b48b9061b328c5b73cf24b588ac9fa248e019b26858c7f388f,2026-06-27-cro-gha,Betano,14,odds_transcribed
IMG_7726.PNG,029898d02952307f4346fe2a415c6f797dc76c56a020a913e3e65866a6ccaf13,2026-06-27-pan-eng,Betano,8,odds_transcribed
IMG_7727.PNG,803330f5889d7e1a34396ced76dd93296c18f91ad7ef06a2c155f4abe5d45391,2026-06-27-pan-eng,Betano,10,odds_transcribed
IMG_7728.PNG,28b8d2723416f6220480ad500288fd9f0cecd7f5f0b3ad1171a4b5fb4fd1a23a,2026-06-27-pan-eng,Betano,5,odds_transcribed
IMG_7729.PNG,167fdfcbd1ef506861c734f3fb47df431880e7bb4c7a49d1689331b9d6e8139f,2026-06-27-pan-eng,Betano,14,odds_transcribed
IMG_7730.PNG,d05f101c96a0af5faf677f542d5b3c16ff496fb2d49a4642711fd33bd3cd8e94,2026-06-27-col-por,Betano,8,odds_transcribed
IMG_7731.PNG,35982f76a9adaabb6e7bbbdb1b60db8039e98f7ada22e6dfd26e9a536637842d,2026-06-27-col-por,Betano,10,odds_transcribed
IMG_7732.PNG,a6a8fc56678724d09b4761760dbebebddd3f19d2e8bd27daf790fea375d8b43d,2026-06-27-col-por,Betano,5,odds_transcribed
IMG_7733.PNG,d081a513f36b905e18c1294c801ef61edb777367aa0861dc5b3ac501f3f67939,2026-06-27-col-por,Betano,12,odds_transcribed
IMG_7734.PNG,cdb9f126cbdb6841ee926884413f49cffa22cbdfd289810fc1ad9601c70b7a85,2026-06-27-cod-uzb,Betano,8,odds_transcribed
IMG_7735.PNG,167148286ff3f7fb70487771c26f0b7ea38ffe4e78cee5388909f02d0f236250,2026-06-27-cod-uzb,Betano,10,odds_transcribed
IMG_7736.PNG,1778e005237e17e23de2f54787948aace0396e5e7c7f70e96b0c787c5ac84c2d,2026-06-27-cod-uzb,Betano,5,odds_transcribed
IMG_7737.PNG,964710a972200f5dbe48040227ede7bea85e4c0751eb023fd1193f0b1ddf3d89,2026-06-27-cod-uzb,Betano,12,odds_transcribed
IMG_7738.PNG,09c06494a1d67191083020af156f470beed38240e1ae9d318d146d013942946b,2026-06-27-jor-arg,Betano,8,odds_transcribed
IMG_7739.PNG,767edc0c17a40421b35b627cce33a7bbcf5ebd84bdd1747507988ea94867f682,2026-06-27-jor-arg,Betano,10,odds_transcribed
IMG_7740.PNG,56ef5167d446be5e176e5e30bb1b0ccd745cbeffe23aeb87de58b6298ce66c1d,2026-06-27-jor-arg,Betano,5,odds_transcribed
IMG_7741.PNG,44d2466c4a3cfa8dd717f4bbaa3081ef656028f46c6acd521a105e6e21ccb8b4,2026-06-27-jor-arg,Betano,14,odds_transcribed
IMG_7742.PNG,aef68d42a2a06d02f7f2b4033af5c1e2e1b64ac6222fe4f497fbb6a528ed567d,2026-06-27-alg-aut,Betano,8,odds_transcribed
IMG_7743.PNG,14f3dda61d588d29f571bbfc16ed3ce02dd30ab164e58d65733d0a83be0c72fc,2026-06-27-alg-aut,Betano,10,odds_transcribed
IMG_7744.PNG,4308aa5c72fa8d381d7d2655586e91e20b76035344ccc316b5bf657e927984c1,2026-06-27-alg-aut,Betano,5,odds_transcribed
IMG_7745.PNG,73b7c4f695f538f34f69b612e9a1fd0b77f2d19a6f0168e0b3b6682ea3dec844,2026-06-27-alg-aut,Betano,12,odds_transcribed
